notice_id,source_id,source_name,authority_level,region,source_category,title,url,published_date,inferred_job_type,inferred_stage,first_seen,last_seen,current_run_new,verification_status
dcd7ad6d326890e3,GD-TALENT,广东人才网,C,广东省,国企/企事业补充,广东粤垦农业小额贷款股份有限公司拟聘人员公示,https://www.gdrc.com/index.php?m=&c=news&a=news_show&id=835,,国企,录聘公示,2026-08-22T09:47:35+08:00,2026-08-22T09:47:35+08:00,是,待打开原文及附件核验
317d93b61563b36c,GZ-HUANGPU,黄埔区招聘公告,B,广州市黄埔区,综合招聘,黄埔区燃气管理所2026年初级雇员公开招聘面试成绩及进入体检人员名单公告,http://www.hp.gov.cn/xwzx/tzgg/zpgg/content/post_10974727.html,2026-08-21,编外,体检考察,2026-08-21T18:43:57+08:00,2026-08-22T09:47:35+08:00,否,待打开原文及附件核验
0298029a8042ea22,GZ-LIWAN,荔湾招聘,B,广州市荔湾区,综合招聘,荔湾区2026年社区专职工作人员公开招聘逢源街道办事处拟聘用人员公示,http://www.lw.gov.cn/ywdt/lwzp/content/post_10974079.html,2026-08-21,编外,录聘公示,2026-08-21T18:43:57+08:00,2026-08-22T09:47:35+08:00,否,待打开原文及附件核验
53732464c0058ab5,GZ-LIWAN,荔湾招聘,B,广州市荔湾区,综合招聘,荔湾区2026年社区专职工作人员公开招聘站前街道拟聘用人员公示,http://www.lw.gov.cn/ywdt/lwzp/content/post_10974704.html,2026-08-21,编外,录聘公示,2026-08-21T18:43:57+08:00,2026-08-22T09:47:35+08:00,否,待打开原文及附件核验
be536664f61894c5,GZ-TIANHE,天河区人事招聘,B,广州市天河区,综合招聘,广州市天河区2026年公开招聘社区专职工作人员笔试成绩查询及资格复审公告,http://www.thnet.gov.cn/thdt/tzgg/rsxx/rszp/content/post_10974457.html,2026-08-21,编外,资格复审,2026-08-21T18:43:57+08:00,2026-08-22T09:47:35+08:00,否,待打开原文及附件核验
992662b410fcd1f5,GZ-ZENGCHENG,增城区事业单位招聘,B,广州市增城区,事业单位,广东省事业单位2026年集中公开招聘高校毕业生广州市增城区拟聘用人员公示（第一批）,http://www.zc.gov.cn/gk/rsgz/dwzp/content/post_10972959.html,2026-08-21,事业编,录聘公示,2026-08-21T18:43:57+08:00,2026-08-22T09:47:35+08:00,否,待打开原文及附件核验
a36134a01ec932b4,GZ-HUANGPU,黄埔区招聘公告,B,广州市黄埔区,综合招聘,南岗街道关于公开招聘政府聘员笔试成绩及进入面试名单的公告,http://www.hp.gov.cn/xwzx/tzgg/zpgg/content/post_10973944.html,2026-08-21,待核实,面试,2026-08-21T18:43:57+08:00,2026-08-22T09:47:35+08:00,否,待打开原文及附件核验
0efdfad8cd91e835,GD-CITY-ZHONGSHAN,中山市人社局事业单位公开招聘,B,中山市,事业单位,中山市黄圃镇人民政府所属事业单位2025年公开招聘事业单位人员拟聘用人员名单公示（第三批）,http://hrss.zs.gov.cn/xxgk/rsxx/sydwgkzp/content/post_2644297.html,2026-08-21,事业编,录聘公示,2026-08-21T18:43:57+08:00,2026-08-22T09:47:35+08:00,否,待打开原文及附件核验
fff26ca505fa00c9,GD-CITY-ZHONGSHAN,中山市人社局事业单位公开招聘,B,中山市,事业单位,中山市人民政府南朗街道办事处所属事业单位2026年第二期公开招聘事业单位人员拟聘用人员名单公示（第一批）,http://hrss.zs.gov.cn/xxgk/rsxx/sydwgkzp/content/post_2644295.html,2026-08-21,事业编,录聘公示,2026-08-21T18:43:57+08:00,2026-08-22T09:47:35+08:00,否,待打开原文及附件核验
1a347c9db2869b92,GD-CITY-ZHONGSHAN,中山市人社局事业单位公开招聘,B,中山市,事业单位,中山市三角镇人民政府所属事业单位2026年公开招聘事业单位人员拟聘用人员名单公示,http://hrss.zs.gov.cn/xxgk/rsxx/sydwgkzp/content/post_2644291.html,2026-08-21,事业编,录聘公示,2026-08-21T18:43:57+08:00,2026-08-22T09:47:35+08:00,否,待打开原文及附件核验
ce96701671f10996,NAT-PUBLIC-JOBS,中国公共招聘网事业单位公开招聘,A,全国/广东,事业单位,中国藏学研究中心所属事业单位2026年度面向社会公开招聘工作人员公告,https://www.mohrss.gov.cn/SYrlzyhshbzb/fwyd/SYkaoshizhaopin/zyhgjjgsydwgkzp/zpgg/202608/t20260818_582359.html,2026-08-21,事业编,首发/其他,2026-08-21T18:43:57+08:00,2026-08-22T09:47:35+08:00,否,待打开原文及附件核验
9f8cbde5975887d2,GZ-ZENGCHENG,增城区事业单位招聘,B,广州市增城区,事业单位,“粤聚英才·粤见未来”广州市增城区卫生健康局下属事业单位公开招聘工作人员拟聘用人员公示（第二批）,http://www.zc.gov.cn/gk/rsgz/dwzp/content/post_10973979.html,2026-08-21,事业编,录聘公示,2026-08-21T18:43:57+08:00,2026-08-22T09:47:35+08:00,否,待打开原文及附件核验
16dc760131ef2c08,GZ-ZENGCHENG,增城区事业单位招聘,B,广州市增城区,事业单位,2026年广州市事业单位统一公开招聘人才广州市增城区拟聘用人员公示,http://www.zc.gov.cn/gk/rsgz/dwzp/content/post_10972947.html,2026-08-20,事业编,录聘公示,2026-08-21T18:43:57+08:00,2026-08-22T09:47:35+08:00,否,待打开原文及附件核验
6825c2114c99f2e1,GZ-TIANHE,天河区人事招聘,B,广州市天河区,综合招聘,广州市天河区教育局直属事业单位2026年春季公开招聘在编教职员拟聘用人员公示（第二批）,http://www.thnet.gov.cn/thdt/tzgg/rsxx/rszp/content/post_10971397.html,2026-08-21,事业编,录聘公示,2026-08-20T18:44:44+08:00,2026-08-22T09:47:35+08:00,否,待打开原文及附件核验
9b4cdfa01cb6f05f,GZ-NANSHA,南沙区招聘信息,B,广州市南沙区,综合招聘,2026年南沙区残疾人联合会公开招聘编外人员拟聘用公示,http://www.gzns.gov.cn/zwgk/zdlyxxgk/jycy/zpxx/content/post_10972368.html,2026-08-20,编外,录聘公示,2026-08-20T18:44:44+08:00,2026-08-22T09:47:35+08:00,否,待打开原文及附件核验
77386880636b77ea,GZ-TIANHE,天河区人事招聘,B,广州市天河区,综合招聘,2025年广州市天河区教育系统校园招聘“优才计划”拟聘用人员公示（第二批）,http://www.thnet.gov.cn/thdt/tzgg/rsxx/rszp/content/post_10971395.html,2026-08-20,待核实,录聘公示,2026-08-20T18:44:44+08:00,2026-08-22T09:47:35+08:00,否,待打开原文及附件核验
71f179e9ec014dd2,GZ-LIWAN,荔湾招聘,B,广州市荔湾区,综合招聘,岭南街道公益性岗位拟聘用人员公示,http://www.lw.gov.cn/ywdt/lwzp/content/post_10966093.html,2026-08-17,待核实,录聘公示,2026-08-20T18:44:44+08:00,2026-08-22T09:47:35+08:00,否,待打开原文及附件核验
5104084d994d0658,NAT-PUBLIC-JOBS,中国公共招聘网事业单位公开招聘,A,全国/广东,事业单位,中国新闻社2026年度面向社会公开招聘工作人员公告,https://www.mohrss.gov.cn/SYrlzyhshbzb/fwyd/SYkaoshizhaopin/zyhgjjgsydwgkzp/zpgg/202608/t20260818_582358.html,2026-08-21,待核实,首发/其他,2026-08-19T18:43:30+08:00,2026-08-22T09:47:35+08:00,否,待打开原文及附件核验
fdc4394f7e5274e4,GD-CITY-ZHANJIANG,湛江市人社局通知公告,B,湛江市,公务员/事业单位/国企,广东实验中学湛江学校2026年公开招聘工作人员（第二批）拟聘用人员公示（第一批）,https://www.zhanjiang.gov.cn/zjsfw/bmdh/rsj/zwgk/tzgg/content/post_2213692.html,2026-08-20,待核实,录聘公示,2026-08-19T18:43:30+08:00,2026-08-22T09:47:35+08:00,否,待打开原文及附件核验
5cdf0efecf02a042,GZ-HUANGPU,黄埔区招聘公告,B,广州市黄埔区,综合招聘,中共广州市黄埔区委政法委员会关于2026年招聘综治专干笔试成绩、资格复审及面试安排的公告,http://www.hp.gov.cn/xwzx/tzgg/zpgg/content/post_10970864.html,2026-08-20,待核实,面试,2026-08-19T18:43:30+08:00,2026-08-22T09:47:35+08:00,否,待打开原文及附件核验
9cbab85e37e8295b,GZ-NANSHA,南沙区招聘信息,B,广州市南沙区,综合招聘,2026年广州市南沙区人民政府南沙街道办事处公开招聘编外工作人员公告,http://www.gzns.gov.cn/zwgk/zdlyxxgk/jycy/zpxx/content/post_10969958.html,2026-08-20,编外,首发/其他,2026-08-19T18:43:30+08:00,2026-08-22T09:47:35+08:00,否,待打开原文及附件核验
b3ed2ab74b18bf51,GD-CITY-HEYUAN,河源市人社局公告公示,B,河源市,公务员/事业单位/编外,河源市2026年事业单位公开招聘工作人员（河源市市直、江东新区、龙川县卫生类岗位...,http://www.heyuan.gov.cn/bmjy/hysrlzyhshbzj/gggs/content/post_713490.html,2026-08-19,事业编,首发/其他,2026-08-19T18:43:30+08:00,2026-08-22T09:47:35+08:00,否,待打开原文及附件核验
7c84f0df419e4888,GD-CITY-SHANTOU,汕头市人社局事业单位招聘信息,B,汕头市,事业单位,汕头市教育局直属学校汕头金中海湾学校2025年下半年公开招聘工作人员拟聘用人员公示,https://www.shantou.gov.cn/stsrlzyhshbzj/ztzl/sydwrsgl/zpxx/content/post_2561306.html,2026-08-19,待核实,录聘公示,2026-08-19T18:43:30+08:00,2026-08-22T09:47:35+08:00,否,待打开原文及附件核验
ecfc23362e3a95ce,GZ-HUANGPU,黄埔区招聘公告,B,广州市黄埔区,综合招聘,广州开发区建设和交通局 广州市黄埔区住房和城乡建设局2026年公开招聘政府初级雇员笔试成绩、资格复审及面试的公告,http://www.hp.gov.cn/xwzx/tzgg/zpgg/content/post_10970177.html,2026-08-19,编外,面试,2026-08-19T18:43:30+08:00,2026-08-22T09:47:35+08:00,否,待打开原文及附件核验
9e3cb53857147a91,GZ-HUANGPU,黄埔区招聘公告,B,广州市黄埔区,综合招聘,广州市黄埔区人民政府永和街道办事处关于公开招聘政府聘员面试成绩的公告,http://www.hp.gov.cn/xwzx/tzgg/zpgg/content/post_10970778.html,2026-08-19,待核实,面试,2026-08-19T18:43:30+08:00,2026-08-22T09:47:35+08:00,否,待打开原文及附件核验
3ef772ece88fabd9,GZ-HEALTH-NOTICES,广州市卫生健康委员会通知公告,B,广州市,事业编/医疗卫生,广州市卫生健康委员会直属事业单位2026年第一次引进急需专业人才广州市第一人民医院拟聘用人员公示,http://wjw.gz.gov.cn/xxgk/tzgg/content/post_10970226.html,2026-08-19,事业编,录聘公示,2026-08-19T18:43:30+08:00,2026-08-22T09:47:35+08:00,否,待打开原文及附件核验
27a87e81ea932688,GD-CITY-SHANTOU,汕头市人社局事业单位招聘信息,B,汕头市,事业单位,广东汕头幼儿师范高等专科学校2025年下半年公开招聘工作人员拟聘用人员（第四批）公示,https://www.shantou.gov.cn/stsrlzyhshbzj/ztzl/sydwrsgl/zpxx/content/post_2561335.html,2026-08-19,待核实,录聘公示,2026-08-19T18:43:30+08:00,2026-08-22T09:47:35+08:00,否,待打开原文及附件核验
de9e127bc1eb33c1,NAT-PUBLIC-JOBS,中国公共招聘网事业单位公开招聘,A,全国/广东,事业单位,中国藏学研究中心所属事业单位2026年度面向社会公开招聘工作人员公告？,https://www.mohrss.gov.cn/SYrlzyhshbzb/fwyd/SYkaoshizhaopin/zyhgjjgsydwgkzp/zpgg/202608/t20260818_582359.html,2026-08-19,事业编,首发/其他,2026-08-19T18:43:30+08:00,2026-08-21T09:54:58+08:00,否,待打开原文及附件核验
a0dc2b79ddec8dfc,GZ-HRSS-INST,广州市人社局事业单位公开招聘,A,广州市,事业单位,广州市卫生健康委员会直属事业单位2026年第一次引进急需专业人才广州市第一人民医院拟聘用人员公示,http://wjw.gz.gov.cn/xxgk/rsxx/content/post_10970225.html,2026-08-10,事业编,录聘公示,2026-08-19T18:43:30+08:00,2026-08-22T09:47:35+08:00,否,待打开原文及附件核验
90b4fa232e85bcbb,GZ-NANSHA,南沙区招聘信息,B,广州市南沙区,综合招聘,2026年广州市南沙区黄阁镇人民政府公开招聘编外工作人员公告,http://www.gzns.gov.cn/zwgk/zdlyxxgk/jycy/zpxx/content/post_10969762.html,2026-08-19,编外,首发/其他,2026-08-19T09:50:31+08:00,2026-08-22T09:47:35+08:00,否,待打开原文及附件核验
0405a6c45481fba5,GZ-LIWAN,荔湾招聘,B,广州市荔湾区,综合招聘,荔湾区2026年社区专职工作人员公开招聘金花街道拟聘用人员公示,http://www.lw.gov.cn/ywdt/lwzp/content/post_10969672.html,2026-08-18,编外,录聘公示,2026-08-19T09:50:31+08:00,2026-08-22T09:47:35+08:00,否,待打开原文及附件核验
9220dacc78ce6d4e,GZ-LIWAN,荔湾招聘,B,广州市荔湾区,综合招聘,2025年广州市荔湾区教育系统校园招聘“扬帆计划”拟聘用人员公示（第二批）,http://www.lw.gov.cn/ywdt/lwzp/content/post_10969673.html,2026-08-18,待核实,录聘公示,2026-08-19T09:50:31+08:00,2026-08-22T09:47:35+08:00,否,待打开原文及附件核验
37bf96d9549ee4dc,GZ-LIWAN,荔湾招聘,B,广州市荔湾区,综合招聘,2025年广州市荔湾区教育局公开招聘事业编制教师拟聘用人员公示（第三批）,http://www.lw.gov.cn/ywdt/lwzp/content/post_10969675.html,2026-08-18,事业编,录聘公示,2026-08-19T09:50:31+08:00,2026-08-22T09:47:35+08:00,否,待打开原文及附件核验
68cf770909e01243,GZ-LIWAN,荔湾招聘,B,广州市荔湾区,综合招聘,2025年广州市荔湾区教育局公开招聘事业编制人员拟聘用人员公示（第三批）,http://www.lw.gov.cn/ywdt/lwzp/content/post_10969674.html,2026-08-18,事业编,录聘公示,2026-08-19T09:50:31+08:00,2026-08-22T09:47:35+08:00,否,待打开原文及附件核验
0b903e805e792cdf,GZ-TIANHE,天河区人事招聘,B,广州市天河区,综合招聘,广州市天河区员村街道综合事务中心2026年公开招聘环卫工人拟聘用人员公示,http://www.thnet.gov.cn/thdt/tzgg/rsxx/rszp/content/post_10968952.html,2026-08-20,待核实,录聘公示,2026-08-18T18:43:31+08:00,2026-08-22T09:47:35+08:00,否,待打开原文及附件核验
5ff4583a9839e49d,GD-CITY-HEYUAN,河源市人社局公告公示,B,河源市,公务员/事业单位/编外,河源市2026年事业单位公开招聘工作人员市直、江东新区考生（综合、教育类）总成绩...,http://www.heyuan.gov.cn/bmjy/hysrlzyhshbzj/gggs/content/post_713250.html,2026-08-18,事业编,成绩,2026-08-18T18:43:31+08:00,2026-08-22T09:47:35+08:00,否,待打开原文及附件核验
6156ffc9bd82d6e7,GZ-BAIYUN,白云区招聘信息,B,广州市白云区,综合招聘,“百万英才汇南粤”广州市白云区2026年下半年在广州公开招聘中小学事业编制教师综合成绩及进入体检环节人员名单公告,https://www.by.gov.cn/zwgk/zdlyxxgkzl/jycyxxgkzl/zpxx/qnzpxx/content/post_10969583.html,2026-08-18,事业编,体检考察,2026-08-18T18:43:31+08:00,2026-08-22T09:47:35+08:00,否,待打开原文及附件核验
545fbcea6db1fc71,GD-HRSS-INST,广东省人社厅事业单位招聘公告,A,广东省,事业单位,广东建设职业技术学院2026年公开招聘博士研究生公告,https://hrss.gd.gov.cn/zwgk/sydwzp/zpgg/content/post_4943820.html,2026-01-27,待核实,首发/其他,2026-08-18T18:43:31+08:00,2026-08-22T09:47:35+08:00,否,待打开原文及附件核验
cc546bcf66a3646b,GZ-HUANGPU,黄埔区招聘公告,B,广州市黄埔区,综合招聘,广州开发区审计局拟聘人员公示,http://www.hp.gov.cn/xwzx/tzgg/zpgg/content/post_10968181.html,2026-08-19,待核实,录聘公示,2026-08-18T09:48:19+08:00,2026-08-22T09:47:35+08:00,否,待打开原文及附件核验
89ee1f2b830bdcd6,GZ-BAIYUN,白云区招聘信息,B,广州市白云区,综合招聘,广州市白云区卫生健康系统2026年公开招聘（第一批）事业单位工作人员岗位综合成绩及入围体检人员名单的公告,https://www.by.gov.cn/zwgk/zdlyxxgkzl/jycyxxgkzl/zpxx/qnzpxx/content/post_10968238.html,2026-08-18,事业编,体检考察,2026-08-18T09:48:19+08:00,2026-08-22T09:47:35+08:00,否,待打开原文及附件核验
a2e57a68b47ac8bd,GD-RSKS,广东人事考试网,A,广东省,考试服务,关于广东省事业单位2026年集中公开...,https://hrss.gd.gov.cn/zwgk/sydwzp/zpgg/content/post_4856733.html,2026-02-12,事业编,首发/其他,2026-08-18T09:48:19+08:00,2026-08-22T09:47:35+08:00,否,待打开原文及附件核验
4d4d9335997d0632,GD-CITY-ZHONGSHAN,中山市人社局事业单位公开招聘,B,中山市,事业单位,中山市教体系统2026年第二期公开招聘事业单位人员拟聘用人员名单公示（第九批）,http://hrss.zs.gov.cn/xxgk/rsxx/sydwgkzp/content/post_2642811.html,2026-08-21,事业编,录聘公示,2026-08-17T18:46:22+08:00,2026-08-22T09:47:35+08:00,否,待打开原文及附件核验
5f1b586bfb27150d,GD-CITY-ZHONGSHAN,中山市人社局事业单位公开招聘,B,中山市,事业单位,中山市教体系统2026年第一期公开招聘事业单位人员拟聘用人员名单公示（第十二批）,http://hrss.zs.gov.cn/xxgk/rsxx/sydwgkzp/content/post_2642817.html,2026-08-21,事业编,录聘公示,2026-08-17T18:46:22+08:00,2026-08-22T09:47:35+08:00,否,待打开原文及附件核验
6202aa0a90595244,GZ-HUANGPU,黄埔区招聘公告,B,广州市黄埔区,综合招聘,联和街道2026年招聘政府聘员笔试成绩及进入面试人员名单公告,http://www.hp.gov.cn/xwzx/tzgg/zpgg/content/post_10967953.html,2026-08-18,待核实,面试,2026-08-17T18:46:22+08:00,2026-08-22T09:47:35+08:00,否,待打开原文及附件核验
4c73c0ebe81e734d,GZ-LIWAN,荔湾招聘,B,广州市荔湾区,综合招聘,荔湾区2026年社区专职工作人员公开招聘彩虹街道办事处拟聘用人员公示,http://www.lw.gov.cn/ywdt/lwzp/content/post_10967206.html,2026-08-17,编外,录聘公示,2026-08-17T18:46:22+08:00,2026-08-22T09:47:35+08:00,否,待打开原文及附件核验
28230a0f9e3200c7,GZ-HUANGPU,黄埔区招聘公告,B,广州市黄埔区,综合招聘,广州市黄埔区教育局2026年公开招聘雇员制教职员笔试成绩和现场资格审查公告,http://www.hp.gov.cn/xwzx/tzgg/zpgg/content/post_10966605.html,2026-08-17,编外,资格复审,2026-08-17T18:46:22+08:00,2026-08-22T09:47:35+08:00,否,待打开原文及附件核验
09f5d3b05f556d56,GD-CITY-ZHANJIANG,湛江市人社局通知公告,B,湛江市,公务员/事业单位/国企,广东实验中学湛江学校2026年公开招聘工作人员拟聘用人员（第二批）公示,https://www.zhanjiang.gov.cn/zjsfw/bmdh/rsj/zwgk/tzgg/content/post_2212860.html,2026-08-17,待核实,录聘公示,2026-08-17T18:46:22+08:00,2026-08-22T09:47:35+08:00,否,待打开原文及附件核验
bf129abf66a58f7f,GD-CITY-ZHANJIANG,湛江市人社局通知公告,B,湛江市,公务员/事业单位/国企,广东实验中学湛江学校2025年秋季公开招聘工作人员拟聘用人员（第三批）公示,https://www.zhanjiang.gov.cn/zjsfw/bmdh/rsj/zwgk/tzgg/content/post_2212855.html,2026-08-17,待核实,录聘公示,2026-08-17T18:46:22+08:00,2026-08-22T09:47:35+08:00,否,待打开原文及附件核验
d623c62cc7be0590,GZ-LIWAN,荔湾招聘,B,广州市荔湾区,综合招聘,公益性岗位拟聘用人员公示,http://www.lw.gov.cn/ywdt/lwzp/content/post_10967060.html,2026-08-17,待核实,录聘公示,2026-08-17T18:46:22+08:00,2026-08-20T09:48:36+08:00,否,待打开原文及附件核验
e32a187851dcfa68,GD-CITY-ZHONGSHAN,中山市人社局事业单位公开招聘,B,中山市,事业单位,中山市教育和体育局直属学校百万英才汇南粤——中山市教体系统专场第一期公开招聘事业单位人员拟聘用人员名单公示（第十六批）,http://hrss.zs.gov.cn/xxgk/rsxx/sydwgkzp/content/post_2642821.html,2026-08-17,事业编,录聘公示,2026-08-17T18:46:22+08:00,2026-08-22T09:47:35+08:00,否,待打开原文及附件核验
5a95fc6ec1496bca,GD-CITY-ZHONGSHAN,中山市人社局事业单位公开招聘,B,中山市,事业单位,中山市教体系统事业单位2025年第四期公开招聘事业单位人员拟聘用人员名单公示（第十五批）,http://hrss.zs.gov.cn/xxgk/rsxx/sydwgkzp/content/post_2642819.html,2026-08-17,事业编,录聘公示,2026-08-17T18:46:22+08:00,2026-08-22T09:47:35+08:00,否,待打开原文及附件核验
297758a72f59d1b2,GD-CITY-ZHONGSHAN,中山市人社局事业单位公开招聘,B,中山市,事业单位,中山市大涌镇人民政府所属事业单位2026年公开招聘事业单位人员拟聘用人员名单公示,http://hrss.zs.gov.cn/xxgk/rsxx/sydwgkzp/content/post_2642823.html,2026-08-17,事业编,录聘公示,2026-08-17T18:46:22+08:00,2026-08-22T09:47:35+08:00,否,待打开原文及附件核验
90feaa589325b10d,GD-CITY-ZHONGSHAN,中山市人社局事业单位公开招聘,B,中山市,事业单位,中山市坦洲镇人民政府所属事业单位2026年公开招聘事业单位人员拟聘用人员名单公示（第一批）,http://hrss.zs.gov.cn/xxgk/rsxx/sydwgkzp/content/post_2642825.html,2026-08-17,事业编,录聘公示,2026-08-17T18:46:22+08:00,2026-08-22T09:47:35+08:00,否,待打开原文及附件核验
7ca472b2f8e71566,GD-CITY-YUNFU,云浮市人社局通知公告,B,云浮市,公务员/事业单位/编外,2026年广东省云浮市“百万英才汇南粤”中共云浮市委党校招聘紧缺人才体检公告 2026-08-16,https://www.yunfu.gov.cn/rsj/zx/tzgg/content/post_2032971.html,2026-08-18,待核实,体检考察,2026-08-16T18:36:24+08:00,2026-08-22T09:47:35+08:00,否,待打开原文及附件核验
f70a983fe383e7b8,GZ-LIWAN,荔湾招聘,B,广州市荔湾区,综合招聘,2026年广州市荔湾区教育局公开招聘事业编制教师笔试成绩查询及资格复审公告,http://www.lw.gov.cn/ywdt/lwzp/content/post_10966015.html,2026-08-16,事业编,资格复审,2026-08-16T09:55:27+08:00,2026-08-22T09:47:35+08:00,否,待打开原文及附件核验
7986a53fbded3e78,GD-TALENT,广东人才网,C,广东省,国企/企事业补充,2026年广州市南沙区卫生健康局公开招聘下属事业单位工作人员公告,http://www.gzns.gov.cn/zwgk/tzgg/content/post_10962793.html,,事业编,首发/其他,2026-08-15T18:35:48+08:00,2026-08-22T09:47:35+08:00,否,待打开原文及附件核验
cc47229431149398,GZ-LIWAN,荔湾招聘,B,广州市荔湾区,综合招聘,荔湾区2026年社区专职工作人员公开招聘南源街道办事处拟聘用人员公示,http://www.lw.gov.cn/ywdt/lwzp/content/post_10965937.html,2026-08-14,编外,录聘公示,2026-08-15T09:47:34+08:00,2026-08-22T09:47:35+08:00,否,待打开原文及附件核验
727c7d3dd99e35e4,GZ-TIANHE,天河区人事招聘,B,广州市天河区,综合招聘,广州市天河区2026年公开招聘事业单位工作人员（中国共产党广州市天河区委员会党校免笔试岗位）资格复审公告,http://www.thnet.gov.cn/thdt/tzgg/rsxx/rszp/content/post_10965574.html,2026-08-18,事业编,资格复审,2026-08-14T19:06:59+08:00,2026-08-22T09:47:35+08:00,否,待打开原文及附件核验
d2217b8d7927ba5d,GD-HRSS-INST,广东省人社厅事业单位招聘公告,A,广东省,事业单位,南方医科大学中西医结合医院2026年公开招聘专业技术人员公告,https://hrss.gd.gov.cn/zwgk/sydwzp/zpgg/content/post_4942462.html,2026-08-18,待核实,首发/其他,2026-08-14T19:06:59+08:00,2026-08-22T09:47:35+08:00,否,待打开原文及附件核验
8e1aab3195c5f8d2,GZ-HUANGPU,黄埔区招聘公告,B,广州市黄埔区,综合招聘,中共广州市黄埔区委社会工作部招聘“两新”组织党建工作指导员拟聘用人员公示,http://www.hp.gov.cn/xwzx/tzgg/zpgg/content/post_10965760.html,2026-08-17,待核实,录聘公示,2026-08-14T19:06:59+08:00,2026-08-22T09:47:35+08:00,否,待打开原文及附件核验
4a5a8ee0b67e0d15,GZ-LIWAN,荔湾招聘,B,广州市荔湾区,综合招聘,荔湾区2026年社区专职工作人员公开招聘西村街道办事处拟聘用人员公示,http://www.lw.gov.cn/ywdt/lwzp/content/post_10964922.html,2026-08-14,编外,录聘公示,2026-08-14T19:06:59+08:00,2026-08-22T09:47:35+08:00,否,待打开原文及附件核验
8cab7ba979bb4b87,GZ-LIWAN,荔湾招聘,B,广州市荔湾区,综合招聘,荔湾区2026年社区专职工作人员公开招聘冲口街道办事处拟聘用人员公示,http://www.lw.gov.cn/ywdt/lwzp/content/post_10965878.html,2026-08-14,编外,录聘公示,2026-08-14T19:06:59+08:00,2026-08-22T09:47:35+08:00,否,待打开原文及附件核验
d02c0e513830527b,GZ-LIWAN,荔湾招聘,B,广州市荔湾区,综合招聘,荔湾区2026年社区专职工作人员公开招聘东漖街道办事处拟聘用人员公示,http://www.lw.gov.cn/ywdt/lwzp/content/post_10965062.html,2026-08-14,编外,录聘公示,2026-08-14T19:06:59+08:00,2026-08-22T09:47:35+08:00,否,待打开原文及附件核验
d58d82ca515717e3,GZ-HUANGPU,黄埔区招聘公告,B,广州市黄埔区,综合招聘,广州市黄埔区萝岗街道综合发展中心招聘环卫工人入围体检人员的公告,http://www.hp.gov.cn/xwzx/tzgg/zpgg/content/post_10965276.html,2026-08-14,待核实,体检考察,2026-08-14T19:06:59+08:00,2026-08-22T09:47:35+08:00,否,待打开原文及附件核验
6f27f6aadb8ab6ae,GZ-BAIYUN,白云区招聘信息,B,广州市白云区,综合招聘,广州市白云区人民政府京溪街道办事处2026年第一次公开招聘合同制聘员第一次拟补录用人员公示,https://www.by.gov.cn/zwgk/zdlyxxgkzl/jycyxxgkzl/zpxx/qnzpxx/content/post_10965058.html,2026-08-14,编外,补充录用,2026-08-14T19:06:59+08:00,2026-08-22T09:47:35+08:00,否,待打开原文及附件核验
c5cbc423de8b21e5,GZ-TIANHE,天河区人事招聘,B,广州市天河区,综合招聘,天河区城市管理第一保洁所关于公开招聘环卫一线工作人员的公告,http://www.thnet.gov.cn/thdt/tzgg/rsxx/rszp/content/post_10964967.html,2026-08-14,待核实,首发/其他,2026-08-14T19:06:59+08:00,2026-08-22T09:47:35+08:00,否,待打开原文及附件核验
db2b232160180cb6,GZ-HAIZHU,海珠区招聘信息,B,广州市海珠区,综合招聘,华洲街道公开招聘雇员拟聘用人员名单的公示,https://www.haizhu.gov.cn/hzdt/tzgg/zpxx/content/post_10965382.html,2026-08-14,编外,录聘公示,2026-08-14T19:06:59+08:00,2026-08-22T09:47:35+08:00,否,待打开原文及附件核验
0f4911af43d650cc,GZ-LIWAN,荔湾招聘,B,广州市荔湾区,综合招聘,2026年荔湾区社区专职工作人员公开招聘白鹤洞街道办事处拟聘用人员公示,http://www.lw.gov.cn/ywdt/lwzp/content/post_10965608.html,2026-08-14,编外,录聘公示,2026-08-14T19:06:59+08:00,2026-08-22T09:47:35+08:00,否,待打开原文及附件核验
43332dcc96b51989,GZ-HAIZHU,海珠区招聘信息,B,广州市海珠区,综合招聘,2026年4月广州市海珠区人民法院公开招聘劳动合同制书记员、法警辅助员补录拟聘人选公示（第...,https://www.haizhu.gov.cn/hzdt/tzgg/zpxx/content/post_10965201.html,2026-08-14,编外,补充录用,2026-08-14T19:06:59+08:00,2026-08-22T09:47:35+08:00,否,待打开原文及附件核验
231a320f56d98361,GZ-LIWAN,荔湾招聘,B,广州市荔湾区,综合招聘,荔湾区2026年社区专职工作人员公开招聘海龙街道办事处拟聘用人员公示,http://www.lw.gov.cn/ywdt/lwzp/content/post_10963930.html,2026-08-14,编外,录聘公示,2026-08-14T10:42:03+08:00,2026-08-22T09:47:35+08:00,否,待打开原文及附件核验
cdf29e58d9000fd9,GZ-HAIZHU,海珠区招聘信息,B,广州市海珠区,综合招聘,琶洲街道公开招聘雇员拟录用人员的公示,https://www.haizhu.gov.cn/hzdt/tzgg/zpxx/content/post_10964222.html,2026-08-14,编外,录聘公示,2026-08-14T10:42:03+08:00,2026-08-22T09:47:35+08:00,否,待打开原文及附件核验
476b4cab7f7ba582,GZ-HRSS-INST,广州市人社局事业单位公开招聘,A,广州市,事业单位,共青团广州市委员会直属事业单位关于广东省事业单位2026年集中公开招聘高校毕业生人员拟聘人员的公示,https://www.54cn.net/article/97047636527284737,2026-08-19,事业编,录聘公示,2026-08-13T19:09:29+08:00,2026-08-22T09:47:35+08:00,否,待打开原文及附件核验
922c4c1df63f546e,GZ-HUANGPU,黄埔区招聘公告,B,广州市黄埔区,综合招聘,广州开发区 黄埔区2026年上半年公开招聘事业单位工作人员拟聘人员公示（第四批）,http://www.hp.gov.cn/xwzx/tzgg/zpgg/content/post_10962826.html,2026-08-14,事业编,录聘公示,2026-08-13T19:09:29+08:00,2026-08-22T09:47:35+08:00,否,待打开原文及附件核验
944f17e52c74d210,GD-HRSS-INST,广东省人社厅事业单位招聘公告,A,广东省,事业单位,南方医科大学珠江医院2026年公开招聘专业技术人员（第二批）公告,https://hrss.gd.gov.cn/zwgk/sydwzp/zpgg/content/post_4942125.html,2026-08-14,待核实,首发/其他,2026-08-13T19:09:29+08:00,2026-08-22T09:47:35+08:00,否,待打开原文及附件核验
a42bc635f16b7667,GD-CITY-SHAOGUAN,韶关市人社局事业单位人事,B,韶关市,事业单位,韶关市教育局直属学校2025年下半年赴外地院校公开招聘专任教师拟聘人员公示,https://rsj.sg.gov.cn/ywzt/rsrc/sydw/content/post_2871965.html,2026-08-13,待核实,录聘公示,2026-08-13T19:09:29+08:00,2026-08-17T09:52:59+08:00,否,待打开原文及附件核验
d832f8f6eb89e0ef,GZ-LIWAN,荔湾招聘,B,广州市荔湾区,综合招聘,荔湾区2026年社区专职工作人员公开招聘华林街道办事处拟聘用人员公示,http://www.lw.gov.cn/ywdt/lwzp/content/post_10963282.html,2026-08-13,编外,录聘公示,2026-08-13T19:09:29+08:00,2026-08-22T09:47:35+08:00,否,待打开原文及附件核验
0f1097bc3aec7612,NAT-PUBLIC-JOBS,中国公共招聘网事业单位公开招聘,A,全国/广东,事业单位,国家广播电视总局直属事业单位2026年度公开招聘公告（第二批）,https://www.mohrss.gov.cn/SYrlzyhshbzb/fwyd/SYkaoshizhaopin/zyhgjjgsydwgkzp/zpgg/202608/t20260810_581810.html,2026-08-11,事业编,首发/其他,2026-08-13T19:09:29+08:00,2026-08-22T09:47:35+08:00,否,待打开原文及附件核验
af91e1cb7c69a8e1,NAT-PUBLIC-JOBS,中国公共招聘网事业单位公开招聘,A,全国/广东,事业单位,中国文物交流中心面向社会公开招聘博士后研究人员公告,https://www.mohrss.gov.cn/SYrlzyhshbzb/fwyd/SYkaoshizhaopin/zyhgjjgsydwgkzp/zpgg/202608/t20260810_581811.html,2026-08-11,待核实,首发/其他,2026-08-13T19:09:29+08:00,2026-08-22T09:47:35+08:00,否,待打开原文及附件核验
91e44a15f2ac6ab3,GZ-HUANGPU,黄埔区招聘公告,B,广州市黄埔区,综合招聘,广州开发区知识产权局拟聘人员公示,http://www.hp.gov.cn/xwzx/tzgg/zpgg/content/post_10962717.html,2026-08-13,待核实,录聘公示,2026-08-13T10:43:48+08:00,2026-08-22T09:47:35+08:00,否,待打开原文及附件核验
2e9334ccc5fe4b28,GD-HRSS-INST,广东省人社厅事业单位招聘公告,A,广东省,事业单位,广东交通职业技术学院2026年第二批公开招聘事业单位工作人员公告,https://hrss.gd.gov.cn/zwgk/sydwzp/zpgg/content/post_4940941.html,2026-08-13,事业编,首发/其他,2026-08-13T10:43:48+08:00,2026-08-22T09:47:35+08:00,否,待打开原文及附件核验
3870c3d457630b72,GD-CITY-MAOMING,茂名市人社局,B,茂名市,公务员/事业单位/编外,茂名市中级人民法院2026年公开招聘司法审判辅助人员笔试、技能测试公告 2026-08-12,https://www.mmcourts.gov.cn/view/GZDT/8122,2026-08-21,编外,首发/其他,2026-08-12T19:09:13+08:00,2026-08-22T09:47:35+08:00,否,待打开原文及附件核验
773b3a14e50ec5eb,GD-CITY-ZHONGSHAN,中山市人社局事业单位公开招聘,B,中山市,事业单位,中山市阜沙镇人民政府所属事业单位2026年公开招聘事业单位人员拟聘用人员名单（第一批）公示,http://hrss.zs.gov.cn/xxgk/rsxx/sydwgkzp/content/post_2641883.html,2026-08-17,事业编,录聘公示,2026-08-12T19:09:13+08:00,2026-08-22T09:47:35+08:00,否,待打开原文及附件核验
3b5fc7bdfbd32983,GD-CITY-ZHONGSHAN,中山市人社局事业单位公开招聘,B,中山市,事业单位,中山市人民政府西区街道办事处所属事业单位2026年第二期公开招聘拟聘用人员名单公示,http://hrss.zs.gov.cn/xxgk/rsxx/sydwgkzp/content/post_2641881.html,2026-08-17,事业编,录聘公示,2026-08-12T19:09:13+08:00,2026-08-22T09:47:35+08:00,否,待打开原文及附件核验
5201d9e72c68b9ef,GD-CITY-YUNFU,云浮市人社局通知公告,B,云浮市,公务员/事业单位/编外,2026年广东省云浮市“百万英才汇南粤”中共云浮市委党校招聘紧缺人才面试公告 2026-08-12,https://www.yunfu.gov.cn/rsj/zx/tzgg/content/post_2032201.html,2026-08-16,待核实,面试,2026-08-12T19:09:13+08:00,2026-08-22T09:47:35+08:00,否,待打开原文及附件核验
e636090540791bdf,GZ-HRSS-INST,广州市人社局事业单位公开招聘,A,广州市,事业单位,广州市教育局直属事业单位2026年第一次公开招聘教师第五批拟聘用人员公示,https://jyj.gz.gov.cn/yw/wsgs/content/post_10959886.html,2026-08-13,事业编,录聘公示,2026-08-12T19:09:13+08:00,2026-08-22T09:47:35+08:00,否,待打开原文及附件核验
3787197e37526a41,GZ-PANYU,番禺区招考信息,B,广州市番禺区,综合招聘,广州市番禺区教育局2026年公开招聘事业编制教师拟聘用人员公示（第三批）,http://www.panyu.gov.cn/zwgk/rsgk/zkxx/content/post_10961156.html,2026-08-12,事业编,录聘公示,2026-08-12T19:09:13+08:00,2026-08-22T09:47:35+08:00,否,待打开原文及附件核验
49dcbd89efed9826,GZ-HAIZHU,海珠区招聘信息,B,广州市海珠区,综合招聘,广州市海珠区科协公开招聘雇员拟聘人员公示,https://www.haizhu.gov.cn/hzdt/tzgg/zpxx/content/post_10961407.html,2026-08-12,编外,录聘公示,2026-08-12T19:09:13+08:00,2026-08-22T09:47:35+08:00,否,待打开原文及附件核验
d6e04e83983b03a7,GZ-HAIZHU,海珠区招聘信息,B,广州市海珠区,综合招聘,广州市海珠区新滘供销合作社2026年公开招聘工作人员拟聘用人员公示,https://www.haizhu.gov.cn/hzdt/tzgg/zpxx/content/post_10961194.html,2026-08-12,待核实,录聘公示,2026-08-12T19:09:13+08:00,2026-08-22T09:47:35+08:00,否,待打开原文及附件核验
a8434f8ebc25f890,GD-CITY-ZHONGSHAN,中山市人社局事业单位公开招聘,B,中山市,事业单位,中山市三乡镇人民政府所属事业单位2025年公开招聘拟聘用人员名单公示,http://hrss.zs.gov.cn/xxgk/rsxx/sydwgkzp/content/post_2641879.html,2026-08-12,事业编,录聘公示,2026-08-12T19:09:13+08:00,2026-08-22T09:47:35+08:00,否,待打开原文及附件核验
a769134b70d42ac6,GD-CITY-ZHUHAI,珠海市人社局公职招考,B,珠海市,公务员/事业单位/编外,珠海城市职业技术学院2025年下半年公开招聘事业编制教师拟录... 2026-08-11,https://zhrsj.zhuhai.gov.cn/zw/tzgg/gzzk/content/post_3932046.html,2026-08-11,事业编,首发/其他,2026-08-12T10:40:56+08:00,2026-08-22T09:47:35+08:00,否,待打开原文及附件核验
56c35b20ad7867ea,GD-CITY-HEYUAN,河源市人社局公告公示,B,河源市,公务员/事业单位/编外,河源市2026年事业单位公开招聘工作人员（河源市市直、江东新区、龙川县卫生类岗位...,http://www.heyuan.gov.cn/bmjy/hysrlzyhshbzj/gggs/content/post_712598.html,2026-08-11,事业编,首发/其他,2026-08-12T10:40:56+08:00,2026-08-22T09:47:35+08:00,否,待打开原文及附件核验
1e7b217e32bf1f9a,GD-CITY-HEYUAN,河源市人社局公告公示,B,河源市,公务员/事业单位/编外,河源市2026年事业单位公开招聘工作人员（市直、江东新区综合、教育类）面试公告,http://www.heyuan.gov.cn/bmjy/hysrlzyhshbzj/gggs/content/post_712597.html,2026-08-11,事业编,面试,2026-08-12T10:40:56+08:00,2026-08-22T09:47:35+08:00,否,待打开原文及附件核验
c8b30075620c2a0c,GD-CITY-ZHANJIANG,湛江市人社局通知公告,B,湛江市,公务员/事业单位/国企,2025年湛江市卫生健康局所属事业单位高层次和急需紧缺人才公开招聘拟聘用人员名单公示（第三批）,https://www.zhanjiang.gov.cn/zjsfw/bmdh/rsj/zwgk/tzgg/content/post_2211350.html,2026-08-14,事业编,录聘公示,2026-08-11T19:02:44+08:00,2026-08-22T09:47:35+08:00,否,待打开原文及附件核验
d894a03d94bf3489,GZ-HUANGPU,黄埔区招聘公告,B,广州市黄埔区,综合招聘,广州市黄埔区人民政府南岗街道办事处关于公开招聘政府聘员延长报名时间和调整岗位报考条件的公告,http://www.hp.gov.cn/xwzx/tzgg/zpgg/content/post_10960047.html,2026-08-13,待核实,报名,2026-08-11T19:02:44+08:00,2026-08-22T09:47:35+08:00,否,待打开原文及附件核验
3350bd076547702b,GZ-EDU-HR,广州市教育局人事工作,B,广州市,事业编/教师,广州市教育局直属事业单位2026年第一次公开招聘教师第五批拟聘用人员公示,https://jyj.gz.gov.cn/gk/zfxxgkml/qt/gs/rsgz/content/post_10959873.html,2026-08-11,事业编,录聘公示,2026-08-11T19:02:44+08:00,2026-08-22T09:47:35+08:00,否,待打开原文及附件核验
0a61175d2df03790,GZ-LIWAN,荔湾招聘,B,广州市荔湾区,综合招聘,东沙街道环卫站公开招聘管理员岗位综合成绩公示,http://www.lw.gov.cn/ywdt/lwzp/content/post_10959761.html,2026-08-11,待核实,录聘公示,2026-08-11T19:02:44+08:00,2026-08-22T09:47:35+08:00,否,待打开原文及附件核验
b1b5180c0088adc5,GZ-TIANHE,天河区人事招聘,B,广州市天河区,综合招聘,天河区城市管理第三保洁所公开招聘编外工作人员公告,http://www.thnet.gov.cn/thdt/tzgg/rsxx/rszp/content/post_10958648.html,2026-08-14,编外,首发/其他,2026-08-10T19:19:10+08:00,2026-08-22T09:47:35+08:00,否,待打开原文及附件核验
c5a94d5ea1e05095,GZ-NANSHA,南沙区招聘信息,B,广州市南沙区,综合招聘,2025年广州市南沙区事业单位校园招聘拟聘人员公示（第五批）,http://www.gzns.gov.cn/zwgk/zdlyxxgk/jycy/zpxx/content/post_10957875.html,2026-08-14,事业编,录聘公示,2026-08-10T19:19:10+08:00,2026-08-22T09:47:35+08:00,否,待打开原文及附件核验
ee12fc5d55020e00,GD-CITY-SHAOGUAN,韶关市人社局事业单位人事,B,韶关市,事业单位,韶关市生态环境局直属事业单位2026年集中公开招聘高校毕业生拟聘人员公示（第二批...,https://rsj.sg.gov.cn/ywzt/rsrc/sydw/content/post_2871110.html,2026-08-13,事业编,录聘公示,2026-08-10T19:19:10+08:00,2026-08-17T09:52:59+08:00,否,待打开原文及附件核验
bd48249d123bdfbf,GD-CITY-ZHONGSHAN,中山市人社局事业单位公开招聘,B,中山市,事业单位,中山市人民政府西区街道办事处所属事业单位2026年第二期公开招聘事业单位人员拟聘用人员名单公示,http://hrss.zs.gov.cn/xxgk/rsxx/sydwgkzp/content/post_2641008.html,2026-08-12,事业编,录聘公示,2026-08-10T19:19:10+08:00,2026-08-22T09:47:35+08:00,否,待打开原文及附件核验
6a4d80aba9cd5480,GZ-BAIYUN,白云区招聘信息,B,广州市白云区,综合招聘,广州市白云区司法局2026年第一次政府雇员公开招聘拟录用人员名单公示公告,https://www.by.gov.cn/zwgk/zdlyxxgkzl/jycyxxgkzl/zpxx/qnzpxx/content/post_10958744.html,2026-08-10,编外,录聘公示,2026-08-10T19:19:10+08:00,2026-08-22T09:47:35+08:00,否,待打开原文及附件核验
f7b4cc1ebc216cc8,GZ-BAIYUN,白云区招聘信息,B,广州市白云区,综合招聘,广州市白云区人民政府大源街道办事处2026年第一次公开招聘合同人员拟录用人员名单公示,https://www.by.gov.cn/zwgk/zdlyxxgkzl/jycyxxgkzl/zpxx/qnzpxx/content/post_10957847.html,2026-08-10,待核实,录聘公示,2026-08-10T19:19:10+08:00,2026-08-22T09:47:35+08:00,否,待打开原文及附件核验
b068c2ff3d866a9a,GZ-TIANHE,天河区人事招聘,B,广州市天河区,综合招聘,天河区卫生健康系统事业单位2025年集中公开招聘高层次和急需紧缺人才第二轮滚动招聘第一批拟聘用人员名单公示,http://www.thnet.gov.cn/thdt/tzgg/rsxx/rszp/content/post_10958174.html,2026-08-10,事业编,录聘公示,2026-08-10T19:19:10+08:00,2026-08-22T09:47:35+08:00,否,待打开原文及附件核验
b2073003e4f009dc,GZ-ZENGCHENG,增城区事业单位招聘,B,广州市增城区,事业单位,广州市增城区中新镇福和卫生院关于乡村医生公开招聘综合成绩及进入体检名单的公告,http://www.zc.gov.cn/gk/rsgz/dwzp/content/post_10957099.html,2026-08-20,待核实,体检考察,2026-08-10T10:30:49+08:00,2026-08-22T09:47:35+08:00,否,待打开原文及附件核验
10fee1b9c5cc77de,GZ-HUANGPU,黄埔区招聘公告,B,广州市黄埔区,综合招聘,广清经济特别合作区广德（英德）产业园管理委员会2026年公开招聘雇员公告,http://www.hp.gov.cn/xwzx/tzgg/zpgg/content/post_10957606.html,2026-08-11,编外,首发/其他,2026-08-10T10:30:49+08:00,2026-08-22T09:47:35+08:00,否,待打开原文及附件核验
5e6b7f3679640787,GZ-HRSS-INST,广州市人社局事业单位公开招聘,A,广州市,事业单位,广州市人力资源和社会保障局系统事业单位2026年第一次公开招聘事业编制人员拟聘用人员名单公示（第四批）,https://rsj.gz.gov.cn/ywzt/rszdgg/sydwgkzp/jggs/content/post_10957318.html,2019-10-18,事业编,录聘公示,2026-08-10T10:30:49+08:00,2026-08-22T09:47:35+08:00,否,待打开原文及附件核验
bc5bcd27ebe72dac,GZ-ZENGCHENG,增城区事业单位招聘,B,广州市增城区,事业单位,2026年广州市增城区仙村镇人民政府公开招聘聘员拟聘用人员公示,http://www.zc.gov.cn/gk/rsgz/dwzp/content/post_10894524.html,2026-07-20,待核实,录聘公示,2026-08-09T21:47:48+08:00,2026-08-22T09:47:35+08:00,否,待打开原文及附件核验
aabf78960c1a7c58,GZ-ZENGCHENG,增城区事业单位招聘,B,广州市增城区,事业单位,广州市生态环境局增城分局2026年6-7公开招聘编外人员拟聘用人员公示,http://www.zc.gov.cn/gk/rsgz/dwzp/content/post_10899385.html,2026-07-09,编外,录聘公示,2026-08-09T21:47:48+08:00,2026-08-22T09:47:35+08:00,否,待打开原文及附件核验
b1f897d4b6440a27,GZ-ZENGCHENG,增城区事业单位招聘,B,广州市增城区,事业单位,广州市生态环境局增城分局2026年度6-7月公开招聘编外人员面试安排公告,http://www.zc.gov.cn/gk/rsgz/dwzp/content/post_10874795.html,2026-06-30,编外,面试,2026-08-09T21:47:48+08:00,2026-08-22T09:47:35+08:00,否,待打开原文及附件核验
48b5869d4dae5c9d,GZ-ZENGCHENG,增城区事业单位招聘,B,广州市增城区,事业单位,2026年广州市增城区仙村镇人民政府公开招聘聘员总成绩及体检安排公告,http://www.zc.gov.cn/gk/rsgz/dwzp/content/post_10865038.html,2026-06-25,待核实,体检考察,2026-08-09T21:47:48+08:00,2026-08-22T09:47:35+08:00,否,待打开原文及附件核验
fa715cbaed26070c,GZ-ZENGCHENG,增城区事业单位招聘,B,广州市增城区,事业单位,2026年广州市增城区卫生健康局下属事业单位公开招聘工作人员总成绩及体检公告,http://www.zc.gov.cn/gk/rsgz/dwzp/content/post_10859642.html,2026-06-23,事业编,体检考察,2026-08-09T21:47:48+08:00,2026-08-22T09:47:35+08:00,否,待打开原文及附件核验
741c55a0a7cbd466,GZ-ZENGCHENG,增城区事业单位招聘,B,广州市增城区,事业单位,“粤聚英才·粤见未来”广州市增城区卫生健康局下属事业单位公开招聘工作人员拟聘用人员公示（第一批）,http://www.zc.gov.cn/gk/rsgz/dwzp/content/post_10859402.html,2026-06-17,事业编,录聘公示,2026-08-09T21:47:48+08:00,2026-08-22T09:47:35+08:00,否,待打开原文及附件核验
5dcedb67f26b4584,GZ-ZENGCHENG,增城区事业单位招聘,B,广州市增城区,事业单位,2026年广州市增城区仙村镇人民政府公开招聘聘员笔试成绩公布和面试公告,http://www.zc.gov.cn/gk/rsgz/dwzp/content/post_10848981.html,2026-06-17,待核实,面试,2026-08-09T21:47:48+08:00,2026-08-22T09:47:35+08:00,否,待打开原文及附件核验
61ca4006742f0a11,GZ-ZENGCHENG,增城区事业单位招聘,B,广州市增城区,事业单位,2026年广州市增城区卫生健康局下属事业单位公开招聘工作人员面试有关事项通知,http://www.zc.gov.cn/gk/rsgz/dwzp/content/post_10847695.html,2026-06-10,事业编,面试,2026-08-09T21:47:48+08:00,2026-08-22T09:47:35+08:00,否,待打开原文及附件核验
2a545905a1d52a9d,GZ-ZENGCHENG,增城区事业单位招聘,B,广州市增城区,事业单位,广州市生态环境局增城分局2026年度6-7月公开招聘编外人员公告,http://www.zc.gov.cn/gk/rsgz/dwzp/content/post_10871815.html,2026-06-09,编外,首发/其他,2026-08-09T21:47:48+08:00,2026-08-22T09:47:35+08:00,否,待打开原文及附件核验
c442ae93d36d0713,GZ-ZENGCHENG,增城区事业单位招聘,B,广州市增城区,事业单位,关于2026年广州市事业单位统一公开招聘人才广州市增城区体检相关事项的公告,http://www.zc.gov.cn/gk/rsgz/dwzp/content/post_10838723.html,2026-06-04,事业编,体检考察,2026-08-09T21:47:48+08:00,2026-08-22T09:47:35+08:00,否,待打开原文及附件核验
384e785a87f13862,GZ-ZENGCHENG,增城区事业单位招聘,B,广州市增城区,事业单位,关于广东省事业单位2026年集中公开招聘高校毕业生广州市增城区体检相关事项的公告,http://www.zc.gov.cn/gk/rsgz/dwzp/content/post_10838715.html,2026-06-02,事业编,体检考察,2026-08-09T21:47:48+08:00,2026-08-22T09:47:35+08:00,否,待打开原文及附件核验
de3121a9d64de8e2,GZ-ZENGCHENG,增城区事业单位招聘,B,广州市增城区,事业单位,关于2026年广州市增城区仙村镇人民政府公开招聘聘员体能测试结果的公告,http://www.zc.gov.cn/gk/rsgz/dwzp/content/post_10837822.html,2026-06-02,待核实,首发/其他,2026-08-09T21:47:48+08:00,2026-08-22T09:47:35+08:00,否,待打开原文及附件核验
bde06396214b5dd7,GZ-ZENGCHENG,增城区事业单位招聘,B,广州市增城区,事业单位,2026年广州市增城区卫生健康局下属事业单位公开招聘工作人员笔试成绩复查结果及资格复审公告,http://www.zc.gov.cn/gk/rsgz/dwzp/content/post_10834465.html,2026-06-02,事业编,资格复审,2026-08-09T21:47:48+08:00,2026-08-22T09:47:35+08:00,否,待打开原文及附件核验
8713d38e59713a92,GZ-ZENGCHENG,增城区事业单位招聘,B,广州市增城区,事业单位,广州市增城区2024—2025年度公开招聘社区专职工作人员拟录用人员公示（第七批）,http://www.zc.gov.cn/gk/rsgz/dwzp/content/post_10829836.html,2026-05-29,编外,录聘公示,2026-08-09T21:47:48+08:00,2026-08-22T09:47:35+08:00,否,待打开原文及附件核验
1500b58abbb8cbc9,GZ-ZENGCHENG,增城区事业单位招聘,B,广州市增城区,事业单位,2026年广州市增城区卫生健康局下属事业单位公开招聘工作人员笔试成绩公布,http://www.zc.gov.cn/gk/rsgz/dwzp/content/post_10825409.html,2026-05-27,事业编,成绩,2026-08-09T21:47:48+08:00,2026-08-22T09:47:35+08:00,否,待打开原文及附件核验
39171867ad889ee9,GZ-ZENGCHENG,增城区事业单位招聘,B,广州市增城区,事业单位,广东省事业单位2026年集中公开招聘高校毕业生广州市增城区面试公告,http://www.zc.gov.cn/gk/rsgz/dwzp/content/post_10827246.html,2026-05-25,事业编,面试,2026-08-09T21:47:48+08:00,2026-08-21T09:54:58+08:00,否,待打开原文及附件核验
45882e760adf644e,GZ-ZENGCHENG,增城区事业单位招聘,B,广州市增城区,事业单位,关于2026年广州市增城区仙村镇人民政府公开招聘聘员领取准考证的公告,http://www.zc.gov.cn/gk/rsgz/dwzp/content/post_10826875.html,2026-05-25,待核实,准考证/笔试,2026-08-09T21:47:48+08:00,2026-08-21T09:54:58+08:00,否,待打开原文及附件核验
e21485f786b88b0b,GZ-ZENGCHENG,增城区事业单位招聘,B,广州市增城区,事业单位,2026年广州市增城区仙村镇人民政府公开招聘聘员公告,http://www.zc.gov.cn/gk/rsgz/dwzp/content/post_10804627.html,2026-05-25,待核实,首发/其他,2026-08-09T21:47:48+08:00,2026-08-09T21:53:20+08:00,否,待打开原文及附件核验
4dfe8c1642606e36,GZ-ZENGCHENG,增城区事业单位招聘,B,广州市增城区,事业单位,2026年广州市事业单位统一公开招聘人才广州市增城区面试公告,http://www.zc.gov.cn/gk/rsgz/dwzp/content/post_10827243.html,2026-05-25,事业编,面试,2026-08-09T21:47:48+08:00,2026-08-21T09:54:58+08:00,否,待打开原文及附件核验
d4428c8d66d3a286,GD-CITY-SHANTOU,汕头市人社局事业单位招聘信息,B,汕头市,事业单位,汕头市卫生健康局属下汕头市妇幼保健院2025年下半年公开招聘工作人员拟聘用人员（第二批）公示,https://www.shantou.gov.cn/stsrlzyhshbzj/ztzl/sydwrsgl/zpxx/content/post_2557500.html,2026-08-19,待核实,录聘公示,2026-08-09T21:01:14+08:00,2026-08-22T09:47:35+08:00,否,待打开原文及附件核验
ef6809ddb41ebbbe,GD-HRSS-INST,广东省人社厅事业单位招聘公告,A,广东省,事业单位,广州中医药大学2026年第二批公开招聘工作人员公告,https://hrss.gd.gov.cn/zwgk/sydwzp/zpgg/content/post_4939049.html,2026-08-13,待核实,首发/其他,2026-08-09T21:01:14+08:00,2026-08-22T09:47:35+08:00,否,待打开原文及附件核验
13ac7dad8473085d,GZ-PANYU,番禺区招考信息,B,广州市番禺区,综合招聘,广州市番禺区投资促进中心关于组织2026年公开招聘工作人员面试人员名单、面试及体检安排的公告,http://www.panyu.gov.cn/zwgk/rsgk/zkxx/content/post_10956106.html,2026-08-12,待核实,体检考察,2026-08-09T21:01:14+08:00,2026-08-22T09:47:35+08:00,否,待打开原文及附件核验
62ee85a80c0c3aef,GZ-HRSS-INST,广州市人社局事业单位公开招聘,A,广州市,事业单位,广州市国防教育训练基地2026年集中公开招聘高校毕业生拟聘人员公示,https://rsj.gz.gov.cn/ywzt/rszdgg/sydwgkzp/jggs/content/post_10956732.html,2026-08-12,待核实,录聘公示,2026-08-09T21:01:14+08:00,2026-08-22T09:47:35+08:00,否,待打开原文及附件核验
7054dae4ce697fcc,GD-CITY-ZHONGSHAN,中山市人社局事业单位公开招聘,B,中山市,事业单位,中山市卫生健康局所属事业单位2026年公开招聘事业单位人员公告,http://hrss.zs.gov.cn/xxgk/rsxx/sydwgkzp/content/post_2640818.html,2026-08-12,事业编,首发/其他,2026-08-09T21:01:14+08:00,2026-08-22T09:47:35+08:00,否,待打开原文及附件核验
eb5ed6a517bb6449,GD-CITY-ZHUHAI,珠海市人社局公职招考,B,珠海市,公务员/事业单位/编外,珠海市教育局2026年暑期面向社会公开招聘所属学校事业编制教... 2026-07-09,https://zhrsj.zhuhai.gov.cn/zw/tzgg/gzzk/content/post_3923114.html,2026-08-11,事业编,首发/其他,2026-08-09T21:01:14+08:00,2026-08-22T09:47:35+08:00,否,待打开原文及附件核验
fe517d2f44218ca4,GZ-EDU-HR,广州市教育局人事工作,B,广州市,事业编/教师,广州市教育局直属事业单位清华附中湾区学校2026年第一次公开招聘教师第一批拟聘用人员公示,https://jyj.gz.gov.cn/gk/zfxxgkml/qt/gs/rsgz/content/post_10954391.html,2026-08-11,事业编,录聘公示,2026-08-09T21:01:14+08:00,2026-08-22T09:47:35+08:00,否,待打开原文及附件核验
8ad5edeeb8a1ba0f,GD-CITY-SHAOGUAN,韶关市人社局事业单位人事,B,韶关市,事业单位,韶关市教育局下属事业单位2026年集中公开招聘高校毕业生拟聘人员公示,https://rsj.sg.gov.cn/ywzt/rsrc/sydw/content/post_2870222.html,2026-08-10,事业编,录聘公示,2026-08-09T21:01:14+08:00,2026-08-17T09:52:59+08:00,否,待打开原文及附件核验
a1a60a924965fa46,GZ-HUANGPU,黄埔区招聘公告,B,广州市黄埔区,综合招聘,广州市黄埔区教育局2026年公开招聘雇员制教职员公告,http://www.hp.gov.cn/xwzx/tzgg/zpgg/content/post_10956579.html,2026-08-10,编外,首发/其他,2026-08-09T21:01:14+08:00,2026-08-22T09:47:35+08:00,否,待打开原文及附件核验
a7f5f02bce5b0c6d,GZ-TIANHE,天河区人事招聘,B,广州市天河区,综合招聘,广州市天河区沙东街道综合事务中心公开招聘环卫工人的公告,http://www.thnet.gov.cn/thdt/tzgg/rsxx/rszp/content/post_10954520.html,2026-08-10,待核实,首发/其他,2026-08-09T21:01:14+08:00,2026-08-22T09:47:35+08:00,否,待打开原文及附件核验
c7135d3dc4741c86,GD-CITY-ZHONGSHAN,中山市人社局事业单位公开招聘,B,中山市,事业单位,中山市教体系统2026年第二期公开招聘事业单位人员拟聘用人员名单公示（第八批）,http://hrss.zs.gov.cn/xxgk/rsxx/sydwgkzp/content/post_2640820.html,2026-08-10,事业编,录聘公示,2026-08-09T21:01:14+08:00,2026-08-22T09:47:35+08:00,否,待打开原文及附件核验
268649c0ca13d0ea,GZ-NANSHA,南沙区招聘信息,B,广州市南沙区,综合招聘,2025年广州市南沙区事业单位校园招聘拟聘人员公示（第四批）,http://www.gzns.gov.cn/zwgk/zdlyxxgk/jycy/zpxx/content/post_10918407.html,2026-08-10,事业编,录聘公示,2026-08-09T21:01:14+08:00,2026-08-22T09:47:35+08:00,否,待打开原文及附件核验
948a9bb0e65b65ea,GZ-HUANGPU,黄埔区招聘公告,B,广州市黄埔区,综合招聘,黄埔区长洲街道关于公开招聘政府聘员拟补聘人员公示,http://www.hp.gov.cn/xwzx/tzgg/zpgg/content/post_10955265.html,2026-08-07,待核实,录聘公示,2026-08-09T21:01:14+08:00,2026-08-22T09:47:35+08:00,否,待打开原文及附件核验
11116f94f20f5e21,GZ-YUEXIU,越秀区公开招考招聘公告,B,广州市越秀区,综合招聘,越秀区华乐街道办事处公开招聘综合救助窗口工作人员的公告 2026-07-23,http://www.yuexiu.gov.cn/zwgk/rsxx/gkzkzp/zpgg/content/post_10914365.html,2026-08-07,待核实,首发/其他,2026-08-09T21:01:14+08:00,2026-08-22T09:47:35+08:00,否,待打开原文及附件核验
32ae084d11d22605,GZ-YUEXIU,越秀区公开招考招聘公告,B,广州市越秀区,综合招聘,广州市越秀区农林街除四害消毒管理站关于公开招聘工作人员的公告 2026-08-07,http://www.yuexiu.gov.cn/zwgk/rsxx/gkzkzp/zpgg/content/post_10956575.html,2026-08-07,待核实,首发/其他,2026-08-09T21:01:14+08:00,2026-08-22T09:47:35+08:00,否,待打开原文及附件核验
5a65f9226cb6a23d,GZ-HRSS-INST,广州市人社局事业单位公开招聘,A,广州市,事业单位,广州市教育局直属事业单位广州市艺术中学2026年第一次公开招聘教师第一批拟聘用人员公示,https://jyj.gz.gov.cn/yw/wsgs/content/post_10954385.html,2026-08-07,事业编,录聘公示,2026-08-09T21:01:14+08:00,2026-08-22T09:47:35+08:00,否,待打开原文及附件核验
6a08f564c462131c,GZ-PANYU,番禺区招考信息,B,广州市番禺区,综合招聘,广东省事业单位2026年集中公开招聘高校毕业生广州市番禺区属事业单位拟聘用人员名单公示（第五批）,http://www.panyu.gov.cn/zwgk/rsgk/zkxx/content/post_10952992.html,2026-08-07,事业编,录聘公示,2026-08-09T21:01:14+08:00,2026-08-22T09:47:35+08:00,否,待打开原文及附件核验
7cf1aa857467a83a,GD-CITY-ZHONGSHAN,中山市人社局事业单位公开招聘,B,中山市,事业单位,中山市教育和体育局直属学校百万英才汇南粤——中山市教体系统专场第一期公开招聘事业单位人员拟聘用人员名单公示（第十四批）,http://hrss.zs.gov.cn/xxgk/rsxx/sydwgkzp/content/post_2639439.html,2026-08-07,事业编,录聘公示,2026-08-09T21:01:14+08:00,2026-08-17T09:52:59+08:00,否,待打开原文及附件核验
e421be70cf30a6a8,GD-CITY-ZHONGSHAN,中山市人社局事业单位公开招聘,B,中山市,事业单位,中山市教育和体育局直属学校百万英才汇南粤——中山市教体系统专场第一期公开招聘事业单位人员拟聘用人员名单公示（第十五批）,http://hrss.zs.gov.cn/xxgk/rsxx/sydwgkzp/content/post_2640826.html,2026-08-07,事业编,录聘公示,2026-08-09T21:01:14+08:00,2026-08-21T09:54:58+08:00,否,待打开原文及附件核验
e0396460d13d0aa5,GD-CITY-ZHONGSHAN,中山市人社局事业单位公开招聘,B,中山市,事业单位,中山市教育和体育局所属事业单位2025年第五期公开招聘事业单位人员拟聘用人员名单公示（第十一批）,http://hrss.zs.gov.cn/xxgk/rsxx/sydwgkzp/content/post_2640824.html,2026-08-07,事业编,录聘公示,2026-08-09T21:01:14+08:00,2026-08-21T09:54:58+08:00,否,待打开原文及附件核验
87b202610ab5ac93,GD-CITY-ZHONGSHAN,中山市人社局事业单位公开招聘,B,中山市,事业单位,中山市教体系统2026年第一期公开招聘事业单位人员拟聘用人员名单公示（第十一批）,http://hrss.zs.gov.cn/xxgk/rsxx/sydwgkzp/content/post_2640822.html,2026-08-07,事业编,录聘公示,2026-08-09T21:01:14+08:00,2026-08-22T09:47:35+08:00,否,待打开原文及附件核验
f99d8e08ce738d9f,GD-CITY-ZHONGSHAN,中山市人社局事业单位公开招聘,B,中山市,事业单位,中山市人民政府东区街道办事处2026年公开招聘事业单位人员拟聘用人员名单公示,http://hrss.zs.gov.cn/xxgk/rsxx/sydwgkzp/content/post_2639733.html,2026-08-07,事业编,录聘公示,2026-08-09T21:01:14+08:00,2026-08-21T09:54:58+08:00,否,待打开原文及附件核验
86546e5b49b75dfb,GZ-HUANGPU,黄埔区招聘公告,B,广州市黄埔区,综合招聘,黄埔区大沙街道公开招聘编外聘用人员的公告,http://www.hp.gov.cn/xwzx/tzgg/zpgg/content/post_10955059.html,2026-08-06,编外,首发/其他,2026-08-09T21:01:14+08:00,2026-08-22T09:47:35+08:00,否,待打开原文及附件核验
b50c6bba5fcc37bf,GZ-HUANGPU,黄埔区招聘公告,B,广州市黄埔区,综合招聘,穗东街道夏园社区招聘工作人员公告,http://www.hp.gov.cn/xwzx/tzgg/zpgg/content/post_10954482.html,2026-08-06,待核实,首发/其他,2026-08-09T21:01:14+08:00,2026-08-21T09:54:58+08:00,否,待打开原文及附件核验
b67d3de30715272a,GZ-HUANGPU,黄埔区招聘公告,B,广州市黄埔区,综合招聘,广州开发区 黄埔区2026年上半年公开招聘事业单位工作人员拟聘人员公示（第三批）,http://www.hp.gov.cn/xwzx/tzgg/zpgg/content/post_10954026.html,2026-08-06,事业编,录聘公示,2026-08-09T21:01:14+08:00,2026-08-21T09:54:58+08:00,否,待打开原文及附件核验
fe389cf0f6be0dc6,GZ-HUANGPU,黄埔区招聘公告,B,广州市黄埔区,综合招聘,广州市黄埔区教育局2026年春季公开招聘事业编制教师邹庆燕等25名同志拟聘公示,http://www.hp.gov.cn/xwzx/tzgg/zpgg/content/post_10954008.html,2026-08-06,事业编,录聘公示,2026-08-09T21:01:14+08:00,2026-08-21T09:54:58+08:00,否,待打开原文及附件核验
a5b744b3323bcde5,GZ-HUANGPU,黄埔区招聘公告,B,广州市黄埔区,综合招聘,广州市黄埔区人民政府永和街道办事处关于公开招聘政府聘员进入面试人员名单的公告,http://www.hp.gov.cn/xwzx/tzgg/zpgg/content/post_10953397.html,2026-08-06,待核实,面试,2026-08-09T21:01:14+08:00,2026-08-20T09:48:36+08:00,否,待打开原文及附件核验
9747898b14929780,GZ-HRSS-INST,广州市人社局事业单位公开招聘,A,广州市,事业单位,广州市科学技术局关于直属事业单位2026年引进急需人才笔试成绩的公告,http://kjj.gz.gov.cn/xxgk/zwdt/tztg/wjgg/content/post_10953567.html ,2026-08-06,事业编,成绩,2026-08-09T21:01:14+08:00,2026-08-22T09:47:35+08:00,否,待打开原文及附件核验
54b3f3e019d7812b,GZ-BAIYUN,白云区招聘信息,B,广州市白云区,综合招聘,广州市白云区司法局2026年第一次政府雇员公开招聘面试成绩、总成绩及进入考察、体检环节有关事项的公告,https://www.by.gov.cn/zwgk/zdlyxxgkzl/jycyxxgkzl/zpxx/qnzpxx/content/post_10955042.html,2026-08-06,编外,体检考察,2026-08-09T21:01:14+08:00,2026-08-22T09:47:35+08:00,否,待打开原文及附件核验
1ea252ace78c2b9e,GZ-HRSS-INST,广州市人社局事业单位公开招聘,A,广州市,事业单位,广州市教育局直属事业单位清华附中湾区学校2026年第一次公开招聘教师第一批拟聘用人员公示,https://jyj.gz.gov.cn/yw/wsgs/content/post_10954392.html,2026-08-06,事业编,录聘公示,2026-08-09T21:01:14+08:00,2026-08-22T09:47:35+08:00,否,待打开原文及附件核验
f991fcb2bcfd44d5,GZ-EDU-HR,广州市教育局人事工作,B,广州市,事业编/教师,广州市教育局直属事业单位广州市艺术中学2026年第一次公开招聘教师第一批拟聘用人员公示,https://jyj.gz.gov.cn/gk/zfxxgkml/qt/gs/rsgz/content/post_10954384.html,2026-08-06,事业编,录聘公示,2026-08-09T21:01:14+08:00,2026-08-22T09:47:35+08:00,否,待打开原文及附件核验
763e507f0c9a8f39,GZ-HRSS-INST,广州市人社局事业单位公开招聘,A,广州市,事业单位,广州市教育局直属事业单位广州市第六中学2026年第二次公开招聘教职员第一批拟聘用人员公示,https://jyj.gz.gov.cn/yw/wsgs/content/post_10952857.html,2026-08-06,事业编,录聘公示,2026-08-09T21:01:14+08:00,2026-08-22T09:47:35+08:00,否,待打开原文及附件核验
5832a0280969e477,GZ-EDU-HR,广州市教育局人事工作,B,广州市,事业编/教师,广州市教育局直属事业单位广州市第六中学2026年第二次公开招聘教职员第一批拟聘用人员公示,https://jyj.gz.gov.cn/gk/zfxxgkml/qt/gs/rsgz/content/post_10952856.html,2026-08-06,事业编,录聘公示,2026-08-09T21:01:14+08:00,2026-08-22T09:47:35+08:00,否,待打开原文及附件核验
346b67578a4eca77,GZ-TIANHE,天河区人事招聘,B,广州市天河区,综合招聘,广州市天河区教育局直属事业单位2026年春季公开招聘在编教职员拟聘用人员公示（第一批）,http://www.thnet.gov.cn/thdt/tzgg/rsxx/rszp/content/post_10952957.html,2026-08-06,事业编,录聘公示,2026-08-09T21:01:14+08:00,2026-08-22T09:47:35+08:00,否,待打开原文及附件核验
e3311574a81087c7,GD-HRSS-INST,广东省人社厅事业单位招聘公告,A,广东省,事业单位,广东药科大学2026年公开招聘专业技术人员公告,https://hrss.gd.gov.cn/zwgk/sydwzp/zpgg/content/post_4938298.html,2026-08-06,待核实,首发/其他,2026-08-09T21:01:14+08:00,2026-08-22T09:47:35+08:00,否,待打开原文及附件核验
d7381383dc1e91ae,NAT-PUBLIC-JOBS,中国公共招聘网事业单位公开招聘,A,全国/广东,事业单位,中国地质调查局局属单位2026年度公开招聘工作人员公告（第四批）,https://www.mohrss.gov.cn/SYrlzyhshbzb/fwyd/SYkaoshizhaopin/zyhgjjgsydwgkzp/zpgg/202608/t20260805_581569.html,2026-08-06,待核实,首发/其他,2026-08-09T21:01:14+08:00,2026-08-22T09:47:35+08:00,否,待打开原文及附件核验
a3483ef65b965fe6,GZ-HAIZHU,海珠区招聘信息,B,广州市海珠区,综合招聘,2026年海珠区社区专职工作人员公开招聘拟录用人员公示,https://www.haizhu.gov.cn/hzdt/tzgg/zpxx/content/post_10954490.html,2026-08-06,编外,录聘公示,2026-08-09T21:01:14+08:00,2026-08-22T09:47:35+08:00,否,待打开原文及附件核验
d0a7986b1b8abc22,GZ-BAIYUN,白云区招聘信息,B,广州市白云区,综合招聘,2026年广州市白云区事业单位校园招聘“优才计划”拟聘人员公示（第三批）,https://www.by.gov.cn/zwgk/zdlyxxgkzl/jycyxxgkzl/zpxx/qnzpxx/content/post_10953667.html,2026-08-06,事业编,录聘公示,2026-08-09T21:01:14+08:00,2026-08-22T09:47:35+08:00,否,待打开原文及附件核验
c2964e3d0ee1d68c,GD-CITY-SHAOGUAN,韶关市人社局事业单位人事,B,韶关市,事业单位,韶关市人力资源和社会保障局下属事业单位韶关市技师学院2026年集中公开招聘高校毕...,https://rsj.sg.gov.cn/ywzt/rsrc/sydw/content/post_2869757.html,2026-08-05,事业编,首发/其他,2026-08-09T21:01:14+08:00,2026-08-17T09:52:59+08:00,否,待打开原文及附件核验
ff8946a9517ded4c,GD-HRSS-INST,广东省人社厅事业单位招聘公告,A,广东省,事业单位,韩山师范学院2026年公开招聘优秀学科带头人（第一批）公告,https://hrss.gd.gov.cn/zwgk/sydwzp/zpgg/content/post_4935280.html,2026-08-05,待核实,首发/其他,2026-08-09T21:01:14+08:00,2026-08-18T09:48:19+08:00,否,待打开原文及附件核验
c2fc0612ac61a995,GZ-LIWAN,荔湾招聘,B,广州市荔湾区,综合招聘,西村街道关于公布荔湾区2026年社区专职工作人员公开招聘入围体检人员名单的公告,http://www.lw.gov.cn/ywdt/lwzp/content/post_10952899.html,2026-08-05,编外,体检考察,2026-08-09T21:01:14+08:00,2026-08-21T09:54:58+08:00,否,待打开原文及附件核验
98f96d87b3b5a707,GD-CITY-CHAOZHOU,潮州市人社局通知公告,B,潮州市,公务员/事业单位/编外,潮州市教育局直属学校赴“百万英才汇南粤”2025年潮州市秋季招聘会（广州站）公开招聘教师拟聘用人员公示（第二批） 2026-08-05,https://www.chaozhou.gov.cn/zwgk/szfgz/srlzy/tzgg/content/post_4000526.html,2026-08-05,待核实,录聘公示,2026-08-09T21:01:14+08:00,2026-08-09T21:01:14+08:00,否,待打开原文及附件核验
b43803ca5af096ee,GD-CITY-CHAOZHOU,潮州市人社局通知公告,B,潮州市,公务员/事业单位/编外,潮州市教育局直属单位赴“百万英才汇南粤”2026年教育人才专题招聘拟聘用人员公示（第一批） 2026-08-05,https://www.chaozhou.gov.cn/zwgk/szfgz/srlzy/tzgg/content/post_4000530.html,2026-08-05,待核实,录聘公示,2026-08-09T21:01:14+08:00,2026-08-09T21:01:14+08:00,否,待打开原文及附件核验
342edd01a29ec35f,GZ-LIWAN,荔湾招聘,B,广州市荔湾区,综合招聘,海龙街道关于公布荔湾区2026年社区专职工作人员公开招聘入围体检人员名单的公告,http://www.lw.gov.cn/ywdt/lwzp/content/post_10952276.html,2026-08-05,编外,体检考察,2026-08-09T21:01:14+08:00,2026-08-18T18:43:31+08:00,否,待打开原文及附件核验
c21852dbf1709f6a,GD-CITY-HEYUAN,河源市人社局公告公示,B,河源市,公务员/事业单位/编外,河源职业技术学院2026年公开招聘博士研究生拟聘用人员公示,http://www.heyuan.gov.cn/bmjy/hysrlzyhshbzj/gggs/content/post_711973.html,2026-08-05,待核实,录聘公示,2026-08-09T21:01:14+08:00,2026-08-22T09:47:35+08:00,否,待打开原文及附件核验
371908769d43d721,GZ-HUANGPU,黄埔区招聘公告,B,广州市黄埔区,综合招聘,文冲街道招聘政府聘员拟聘人员公示,http://www.hp.gov.cn/xwzx/tzgg/zpgg/content/post_10952564.html,2026-08-05,待核实,录聘公示,2026-08-09T21:01:14+08:00,2026-08-19T09:50:31+08:00,否,待打开原文及附件核验
d48b5856b3cf2d65,GZ-BAIYUN,白云区招聘信息,B,广州市白云区,综合招聘,广州市白云区钟落潭镇2026年政府雇员招聘面试安排的公告,https://www.by.gov.cn/zwgk/zdlyxxgkzl/jycyxxgkzl/zpxx/qnzpxx/content/post_10953241.html,2026-08-05,编外,面试,2026-08-09T21:01:14+08:00,2026-08-22T09:47:35+08:00,否,待打开原文及附件核验
f10736d7049f40e0,GZ-BAIYUN,白云区招聘信息,B,广州市白云区,综合招聘,广州市白云区钟落潭镇2026年公开招聘合同制聘员面试安排的公告,https://www.by.gov.cn/zwgk/zdlyxxgkzl/jycyxxgkzl/zpxx/qnzpxx/content/post_10953257.html,2026-08-05,编外,面试,2026-08-09T21:01:14+08:00,2026-08-22T09:47:35+08:00,否,待打开原文及附件核验
a52bcb7c0277050d,GZ-BAIYUN,白云区招聘信息,B,广州市白云区,综合招聘,广州市白云区人民政府大源街道办事处2026年第一次政府雇员招聘考试总成绩及进入体检、考察环节人员名单公告,https://www.by.gov.cn/zwgk/zdlyxxgkzl/jycyxxgkzl/zpxx/qnzpxx/content/post_10952946.html,2026-08-05,编外,体检考察,2026-08-09T21:01:14+08:00,2026-08-22T09:47:35+08:00,否,待打开原文及附件核验
ecef19a17aacfb41,GZ-HAIZHU,海珠区招聘信息,B,广州市海珠区,综合招聘,广州市海珠区消防安全委员会办公室关于公开招聘2026年新建微型消防站队员的公告,https://www.haizhu.gov.cn/hzdt/tzgg/zpxx/content/post_10953714.html,2026-08-05,待核实,首发/其他,2026-08-09T21:01:14+08:00,2026-08-22T09:47:35+08:00,否,待打开原文及附件核验
3e47d6c5a2a5d7a6,GZ-TIANHE,天河区人事招聘,B,广州市天河区,综合招聘,广州市天河区教育局直属事业单位2025年春季公开招聘在编教职员拟聘用人员公示（第十批）,http://www.thnet.gov.cn/thdt/tzgg/rsxx/rszp/content/post_10952962.html,2026-08-05,事业编,录聘公示,2026-08-09T21:01:14+08:00,2026-08-22T09:47:35+08:00,否,待打开原文及附件核验
2aaf2e2da97b0586,GZ-TIANHE,天河区人事招聘,B,广州市天河区,综合招聘,广州市天河区员村街道综合事务中心公开招聘环卫工人的公告,http://www.thnet.gov.cn/thdt/tzgg/rsxx/rszp/content/post_10947300.html,2026-08-05,待核实,首发/其他,2026-08-09T21:01:14+08:00,2026-08-22T09:47:35+08:00,否,待打开原文及附件核验
b145950427cb2757,GD-CITY-HEYUAN,河源市人社局公告公示,B,河源市,公务员/事业单位/编外,广东省事业单位2026年集中公开招聘高校毕业生（河源技师学院）拟聘用人员公示,http://www.heyuan.gov.cn/bmjy/hysrlzyhshbzj/gggs/content/post_711991.html,2026-08-05,事业编,录聘公示,2026-08-09T21:01:14+08:00,2026-08-22T09:47:35+08:00,否,待打开原文及附件核验
06f18ff1fa6e888a,GZ-PANYU,番禺区招考信息,B,广州市番禺区,综合招聘,广东省2026年考试录用公务员广州市番禺区职位拟录用人员公示（第四批）,http://www.panyu.gov.cn/zwgk/rsgk/zkxx/content/post_10946115.html,2026-08-05,公务员,录聘公示,2026-08-09T21:01:14+08:00,2026-08-22T09:47:35+08:00,否,待打开原文及附件核验
483b03f3ecce4a66,GZ-LIWAN,荔湾招聘,B,广州市荔湾区,综合招聘,南源街道关于公布荔湾区2026年社区专职工作人员公开招聘入围体检人员名单的公告,http://www.lw.gov.cn/ywdt/lwzp/content/post_10953041.html,2026-08-05,编外,体检考察,2026-08-09T21:01:14+08:00,2026-08-22T09:47:35+08:00,否,待打开原文及附件核验
0459366ca71c58c7,GZ-LIWAN,荔湾招聘,B,广州市荔湾区,综合招聘,关于公布荔湾区2026年社区专职工作人员公开招聘入围体检人员名单的公告,http://www.lw.gov.cn/ywdt/lwzp/content/post_10952700.html,2026-08-05,编外,体检考察,2026-08-09T21:01:14+08:00,2026-08-22T09:47:35+08:00,否,待打开原文及附件核验
7226aa79f06a070d,GZ-LIWAN,荔湾招聘,B,广州市荔湾区,综合招聘,关于公布荔湾区2026年社区专职工作人员公开招聘入围体检人员名单的公告,http://www.lw.gov.cn/ywdt/lwzp/content/post_10952817.html,2026-08-05,编外,体检考察,2026-08-09T21:01:14+08:00,2026-08-21T09:54:58+08:00,否,待打开原文及附件核验
d949ccb4674fd386,GZ-LIWAN,荔湾招聘,B,广州市荔湾区,综合招聘,关于公布荔湾区2026年社区专职工作人员公开招聘入围体检人员名单的公告,http://www.lw.gov.cn/ywdt/lwzp/content/post_10952665.html,2026-08-05,编外,体检考察,2026-08-09T21:01:14+08:00,2026-08-18T18:43:31+08:00,否,待打开原文及附件核验
cad0c7738137b8c0,GZ-LIWAN,荔湾招聘,B,广州市荔湾区,综合招聘,关于公布荔湾区2026年社区专职工作人员公开招聘入围体检人员名单的公告,http://www.lw.gov.cn/ywdt/lwzp/content/post_10952602.html,2026-08-05,编外,体检考察,2026-08-09T21:01:14+08:00,2026-08-18T18:43:31+08:00,否,待打开原文及附件核验
5d73e6da5bfc2e5a,GZ-LIWAN,荔湾招聘,B,广州市荔湾区,综合招聘,中南街道关于公布荔湾区2026年社区专职工作人员公开招聘入围体检人员名单的公告,http://www.lw.gov.cn/ywdt/lwzp/content/post_10952099.html,2026-08-05,编外,体检考察,2026-08-09T21:01:14+08:00,2026-08-17T09:52:59+08:00,否,待打开原文及附件核验
e8bd627aaedebd13,GZ-HUANGPU,黄埔区招聘公告,B,广州市黄埔区,综合招聘,2026年中共广州市黄埔区委政法委员会公开招聘综治专干公告,http://www.hp.gov.cn/xwzx/tzgg/zpgg/content/post_10952506.html,2026-08-05,待核实,首发/其他,2026-08-09T21:01:14+08:00,2026-08-19T09:50:31+08:00,否,待打开原文及附件核验
f36b734d3f90362f,GD-CITY-CHAOZHOU,潮州市人社局通知公告,B,潮州市,公务员/事业单位/编外,2026年3月潮州市卫生健康局直属医疗机构赴南方医科大学公开招聘工作人员拟聘用人员公示（第三批） 2026-08-05,https://www.chaozhou.gov.cn/zwgk/szfgz/srlzy/tzgg/content/post_4000506.html,2026-08-05,待核实,录聘公示,2026-08-09T21:01:14+08:00,2026-08-09T21:01:14+08:00,否,待打开原文及附件核验
fd69a13b1f0c191d,GZ-TIANHE,天河区人事招聘,B,广州市天河区,综合招聘,2025年广州市天河区教育系统校园招聘“优才计划”拟聘用人员公示（第一批）,http://www.thnet.gov.cn/thdt/tzgg/rsxx/rszp/content/post_10952959.html,2026-08-05,待核实,录聘公示,2026-08-09T21:01:14+08:00,2026-08-22T09:47:35+08:00,否,待打开原文及附件核验
a5c73eabefad5aa2,GZ-EDU-HR,广州市教育局人事工作,B,广州市,事业编/教师,2025年下半年广州市教育系统校园招聘“优才计划”第三批拟聘用人员公示,https://jyj.gz.gov.cn/gk/zfxxgkml/qt/gs/rsgz/content/post_10915451.html,2026-08-05,待核实,录聘公示,2026-08-09T21:01:14+08:00,2026-08-22T09:47:35+08:00,否,待打开原文及附件核验
92eceed99f018dbb,GD-CITY-CHAOZHOU,潮州市人社局通知公告,B,潮州市,公务员/事业单位/编外,2025年11月潮州市卫生健康局直属医疗机构赴南方医科大学公开招聘工作人员拟聘用人员公示（第三批） 2026-08-05,https://www.chaozhou.gov.cn/zwgk/szfgz/srlzy/tzgg/content/post_4000518.html,2026-08-05,待核实,录聘公示,2026-08-09T21:01:14+08:00,2026-08-09T21:01:14+08:00,否,待打开原文及附件核验
198444cef80e2e0f,GZ-LIWAN,荔湾招聘,B,广州市荔湾区,综合招聘,龙津街道关于公布荔湾区2026年社区专职工作人员公开招聘入围体检人员名单的公告,http://www.lw.gov.cn/ywdt/lwzp/content/post_10951912.html,2026-08-04,编外,体检考察,2026-08-09T21:01:14+08:00,2026-08-14T10:42:03+08:00,否,待打开原文及附件核验
49f35245fb9e91d6,GZ-LIWAN,荔湾招聘,B,广州市荔湾区,综合招聘,金花街道关于公布荔湾区2026年社区专职工作人员公开招聘入围体检人员名单的公告,http://www.lw.gov.cn/ywdt/lwzp/content/post_10952067.html,2026-08-04,编外,体检考察,2026-08-09T21:01:14+08:00,2026-08-14T19:06:59+08:00,否,待打开原文及附件核验
500ad73bfd368017,GZ-LIWAN,荔湾招聘,B,广州市荔湾区,综合招聘,逢源街道关于公布荔湾区2026年社区专职工作人员公开招聘入围体检人员名单的公告,http://www.lw.gov.cn/ywdt/lwzp/content/post_10951865.html,2026-08-04,编外,体检考察,2026-08-09T21:01:14+08:00,2026-08-13T10:43:48+08:00,否,待打开原文及附件核验
86adbea2b93baba4,GZ-LIWAN,荔湾招聘,B,广州市荔湾区,综合招聘,站前街道关于公布荔湾区2026年社区专职工作人员公开招聘入围体检人员名单的公告,http://www.lw.gov.cn/ywdt/lwzp/content/post_10951870.html,2026-08-04,编外,体检考察,2026-08-09T21:01:14+08:00,2026-08-13T19:09:29+08:00,否,待打开原文及附件核验
d42009e8ae679617,GD-CITY-ZHANJIANG,湛江市人社局通知公告,B,湛江市,公务员/事业单位/国企,湛江市2025年事业单位公开招聘高层次人才湛江市城市规划编制研究与信息中心拟聘用人员公示,https://www.zhanjiang.gov.cn/zjsfw/bmdh/rsj/zwgk/tzgg/content/post_2209030.html,2026-08-04,事业编,录聘公示,2026-08-09T21:01:14+08:00,2026-08-22T09:47:35+08:00,否,待打开原文及附件核验
cf4bc6ac612a3126,GD-CITY-SHENZHEN,深圳市人社局公职人员招考,B,深圳市,公务员/事业单位,深圳市人力资源和社会保障局关于转发深圳中学高中园2025年及2026年公开招聘...,https://hrss.sz.gov.cn/gzryzk/content/post_12919249.html,2026-08-04,待核实,首发/其他,2026-08-09T21:01:14+08:00,2026-08-09T21:01:14+08:00,否,待打开原文及附件核验
e17fd17fe7719bd2,GZ-LIWAN,荔湾招聘,B,广州市荔湾区,综合招聘,沙面街道关于公布荔湾区2026年社区专职工作人员公开招聘入围体检人员名单的公告,http://www.lw.gov.cn/ywdt/lwzp/content/post_10952053.html,2026-08-04,编外,体检考察,2026-08-09T21:01:14+08:00,2026-08-14T10:42:03+08:00,否,待打开原文及附件核验
604efd2bc5841577,GD-CITY-SHANTOU,汕头市人社局事业单位招聘信息,B,汕头市,事业单位,汕头市教育局直属汕头市实验学校2025年下半年公开招聘工作人员拟聘用人员（第二批）公示,https://www.shantou.gov.cn/stsrlzyhshbzj/ztzl/sydwrsgl/zpxx/content/post_2557172.html,2026-08-04,待核实,录聘公示,2026-08-09T21:01:14+08:00,2026-08-22T09:47:35+08:00,否,待打开原文及附件核验
42591ea7ca4c8c83,GD-CITY-SHANTOU,汕头市人社局事业单位招聘信息,B,汕头市,事业单位,汕头市教育局直属广东汕头华侨中学2025年下半年公开招聘工作人员拟聘用人员（第三批）公示,https://www.shantou.gov.cn/stsrlzyhshbzj/ztzl/sydwrsgl/zpxx/content/post_2557453.html,2026-08-04,待核实,录聘公示,2026-08-09T21:01:14+08:00,2026-08-22T09:47:35+08:00,否,待打开原文及附件核验
59e04296fdc4e57d,GD-CITY-SHANTOU,汕头市人社局事业单位招聘信息,B,汕头市,事业单位,汕头市卫生健康局属下汕头市第四人民医院2025年下半年公开招聘工作人员拟聘用人员公示,https://www.shantou.gov.cn/stsrlzyhshbzj/ztzl/sydwrsgl/zpxx/content/post_2557492.html,2026-08-04,待核实,录聘公示,2026-08-09T21:01:14+08:00,2026-08-22T09:47:35+08:00,否,待打开原文及附件核验
292fae0b2212d6d9,GZ-BAIYUN,白云区招聘信息,B,广州市白云区,综合招聘,广州市白云区卫生健康系统2026年公开招聘（第一批）事业单位工作人员笔试成绩公布、资格复审和面试公告,https://www.by.gov.cn/zwgk/zdlyxxgkzl/jycyxxgkzl/zpxx/qnzpxx/content/post_10950631.html,2026-08-04,事业编,面试,2026-08-09T21:01:14+08:00,2026-08-22T09:47:35+08:00,否,待打开原文及附件核验
931791e6c24fe541,GZ-LIWAN,荔湾招聘,B,广州市荔湾区,综合招聘,华林街道关于公布荔湾区2026年社区专职工作人员公开招聘入围体检人员名单的公告,http://www.lw.gov.cn/ywdt/lwzp/content/post_10952090.html,2026-08-04,编外,体检考察,2026-08-09T21:01:14+08:00,2026-08-15T18:35:48+08:00,否,待打开原文及附件核验
3373cfb385c03fc7,GZ-LIWAN,荔湾招聘,B,广州市荔湾区,综合招聘,冲口街道关于公布荔湾区2026年社区专职工作人员公开招聘入围体检人员名单的公告,http://www.lw.gov.cn/ywdt/lwzp/content/post_10951900.html,2026-08-04,编外,体检考察,2026-08-09T21:01:14+08:00,2026-08-14T10:42:03+08:00,否,待打开原文及附件核验
d55e39b949c5c130,GZ-LIWAN,荔湾招聘,B,广州市荔湾区,综合招聘,关于2026年广州市荔湾区教育局公开招聘事业编制教师打印准考证及笔试安排的通知,http://www.lw.gov.cn/ywdt/lwzp/content/post_10952091.html,2026-08-04,事业编,准考证/笔试,2026-08-09T21:01:14+08:00,2026-08-17T09:52:59+08:00,否,待打开原文及附件核验
db63a63b203636b9,GD-CITY-ZHONGSHAN,中山市人社局事业单位公开招聘,B,中山市,事业单位,中山市教体系统2026年第二期公开招聘事业单位人员拟聘用人员名单公示（第七批）,http://hrss.zs.gov.cn/xxgk/rsxx/sydwgkzp/content/post_2639441.html,2026-08-04,事业编,录聘公示,2026-08-09T21:01:14+08:00,2026-08-17T09:52:59+08:00,否,待打开原文及附件核验
d9f2b0636766c31e,GD-CITY-DONGGUAN,东莞市人社局公开招聘,B,东莞市,事业单位/编外,东莞市发展和改革局下属事业单位2026年公开招聘人员公示（第二批）,http://dgdp.dg.gov.cn/gkmlpt/content/4/4568/post_4568894.html,2026-08-04,事业编,录聘公示,2026-08-09T21:01:14+08:00,2026-08-09T21:01:14+08:00,否,待打开原文及附件核验
cb1ed43ea2a4e99c,GZ-LIWAN,荔湾招聘,B,广州市荔湾区,综合招聘,东漖街道关于公布荔湾区2026年社区专职工作人员公开招聘入围体检人员名单的公告,http://www.lw.gov.cn/ywdt/lwzp/content/post_10952039.html,2026-08-04,编外,体检考察,2026-08-09T21:01:14+08:00,2026-08-14T10:42:03+08:00,否,待打开原文及附件核验
e189ad16d936a274,GD-CITY-SHAOGUAN,韶关市人社局事业单位人事,B,韶关市,事业单位,韶关市卫生健康局直属事业单位2026年集中公开招聘高校毕业生拟聘人员公示（第一批...,https://rsj.sg.gov.cn/ywzt/rsrc/sydw/content/post_2866651.html,2026-08-03,事业编,录聘公示,2026-08-09T21:01:14+08:00,2026-08-17T09:52:59+08:00,否,待打开原文及附件核验
fe3f7a83f7691c82,GZ-HUANGPU,黄埔区招聘公告,B,广州市黄埔区,综合招聘,联和街道关于政府中级聘员招聘拟聘用人员名单的公告,http://www.hp.gov.cn/xwzx/tzgg/zpgg/content/post_10949231.html,2026-08-03,待核实,录聘公示,2026-08-09T21:01:14+08:00,2026-08-17T18:46:22+08:00,否,待打开原文及附件核验
a74c33fefd4c24ed,NAT-PUBLIC-JOBS,中国公共招聘网事业单位公开招聘,A,全国/广东,事业单位,科技日报社公开招聘事业单位工作人员公告,https://www.mohrss.gov.cn/SYrlzyhshbzb/fwyd/SYkaoshizhaopin/zyhgjjgsydwgkzp/zpgg/202607/t20260731_581269.html,2026-08-03,事业编,首发/其他,2026-08-09T21:01:14+08:00,2026-08-22T09:47:35+08:00,否,待打开原文及附件核验
180fffa7fe6ddccf,GD-CITY-SHANTOU,汕头市人社局事业单位招聘信息,B,汕头市,事业单位,汕头市教育局直属汕头市金山中学2025年下半年公开招聘工作人员拟聘用人员（第二批）公示,https://www.shantou.gov.cn/stsrlzyhshbzj/ztzl/sydwrsgl/zpxx/content/post_2554944.html,2026-08-03,待核实,录聘公示,2026-08-09T21:01:14+08:00,2026-08-22T09:47:35+08:00,否,待打开原文及附件核验
de670f063a3005bc,GZ-HUANGPU,黄埔区招聘公告,B,广州市黄埔区,综合招聘,广州市黄埔区人民政府南岗街道办事处关于公开招聘政府聘员的公告,http://www.hp.gov.cn/xwzx/tzgg/zpgg/content/post_10947932.html,2026-08-03,待核实,首发/其他,2026-08-09T21:01:14+08:00,2026-08-17T09:52:59+08:00,否,待打开原文及附件核验
3ba355b1a654f777,GZ-HRSS-INST-NOTICES,广州市事业单位招聘公告专栏,A,广州市,事业单位,广州市港务局直属事业单位2026年公开招聘公告,https://gwj.gz.gov.cn/zwgk/tzgg/content/post_10949882.html,2026-08-03,事业编,首发/其他,2026-08-09T21:01:14+08:00,2026-08-22T09:47:35+08:00,否,待打开原文及附件核验
532a6803c696527b,GZ-SASAC-NOTICES,广州市国资委通知公告,B,广州市,国企/事业单位,广州市国资委直属事业单位2026年引进急需人才面试安排公告,https://gzw.gz.gov.cn/xw/tzgg/content/post_10907518.html,2026-08-03,事业编,面试,2026-08-09T21:01:14+08:00,2026-08-22T09:47:35+08:00,否,待打开原文及附件核验
bf7c7ed0b1089405,GZ-SASAC-NOTICES,广州市国资委通知公告,B,广州市,国企/事业单位,广州市国资委直属事业单位2026年引进急需人才综合成绩查询及体检等事项公告,https://gzw.gz.gov.cn/xw/tzgg/content/post_10948482.html,2026-08-03,事业编,体检考察,2026-08-09T21:01:14+08:00,2026-08-22T09:47:35+08:00,否,待打开原文及附件核验
6059aebfa5251fb3,GD-CITY-YUNFU,云浮市人社局通知公告,B,云浮市,公务员/事业单位/编外,广东省事业单位2026年集中公开招聘高校毕业生（云浮技师学院）拟聘用人员名单 2026-07-24,https://www.yunfu.gov.cn/rsj/zx/tzgg/content/post_2028031.html,2026-08-03,事业编,录聘公示,2026-08-09T21:01:14+08:00,2026-08-22T09:47:35+08:00,否,待打开原文及附件核验
b2723a73b5346966,NAT-PUBLIC-JOBS,中国公共招聘网事业单位公开招聘,A,全国/广东,事业单位,国务院国资委委属单位2026年面向社会公开招聘公告,https://www.mohrss.gov.cn/SYrlzyhshbzb/fwyd/SYkaoshizhaopin/zyhgjjgsydwgkzp/zpgg/202607/t20260731_581268.html,2026-08-03,待核实,首发/其他,2026-08-09T21:01:14+08:00,2026-08-22T09:47:35+08:00,否,待打开原文及附件核验
dc4e12cc0e16b6c2,GD-CITY-ZHONGSHAN,中山市人社局事业单位公开招聘,B,中山市,事业单位,中山市板芙镇人民政府所属事业单位2026年公开招聘事业单位人员拟聘用人员名单公示（第二批）,http://hrss.zs.gov.cn/xxgk/rsxx/sydwgkzp/content/post_2638627.html,2026-08-03,事业编,录聘公示,2026-08-09T21:01:14+08:00,2026-08-17T09:52:59+08:00,否,待打开原文及附件核验
eb0d5454d9640f2a,GD-CITY-ZHONGSHAN,中山市人社局事业单位公开招聘,B,中山市,事业单位,中山市教育和体育局直属学校百万英才汇南粤——中山市教体系统专场第一期公开招聘事业单位人员拟聘用人员名单公示（第十三批）,http://hrss.zs.gov.cn/xxgk/rsxx/sydwgkzp/content/post_2638136.html,2026-08-03,事业编,录聘公示,2026-08-09T21:01:14+08:00,2026-08-17T09:52:59+08:00,否,待打开原文及附件核验
0679cc6089ee49c8,GD-CITY-ZHANJIANG,湛江市人社局通知公告,B,湛江市,公务员/事业单位/国企,2025年秋季湛江第一中学公开招聘教师拟聘用人员（第一批）公示,https://www.zhanjiang.gov.cn/zjsfw/bmdh/rsj/zwgk/tzgg/content/post_2206759.html,2026-08-03,待核实,录聘公示,2026-08-09T21:01:14+08:00,2026-08-21T09:54:58+08:00,否,待打开原文及附件核验
8de369a6bf0312d9,GD-CITY-ZHANJIANG,湛江市人社局通知公告,B,湛江市,公务员/事业单位/国企,2025年秋季湛江市教育局直属五校联合面向全国公开招聘教职员拟聘用人员（第三批）公示,https://www.zhanjiang.gov.cn/zjsfw/bmdh/rsj/zwgk/tzgg/content/post_2208643.html,2026-08-03,待核实,录聘公示,2026-08-09T21:01:14+08:00,2026-08-22T09:47:35+08:00,否,待打开原文及附件核验
dca1551c7ac4f7b1,GD-CITY-ZHANJIANG,湛江市人社局通知公告,B,湛江市,公务员/事业单位/国企,2025年秋季湛江市教育局直属事业单位公开招聘工作人员拟聘用人员（第二批）公示,https://www.zhanjiang.gov.cn/zjsfw/bmdh/rsj/zwgk/tzgg/content/post_2208640.html,2026-08-03,事业编,录聘公示,2026-08-09T21:01:14+08:00,2026-08-22T09:47:35+08:00,否,待打开原文及附件核验
ce3c75479e1733c2,GD-CITY-CHAOZHOU,潮州市人社局通知公告,B,潮州市,公务员/事业单位/编外,潮州市集中开展招募企事业单位就业见习人员公告（2026年度第一批） 2026-07-29,https://www.chaozhou.gov.cn/zwgk/szfgz/srlzy/tzgg/content/post_3999945.html,2026-07-31,事业编,首发/其他,2026-08-09T21:01:14+08:00,2026-08-09T21:01:14+08:00,否,待打开原文及附件核验
5d9e2fdff35b01e3,GZ-HUANGPU,黄埔区招聘公告,B,广州市黄埔区,综合招聘,广州开发区建设和交通局 广州市黄埔区住房和城乡建设局2026年公开招聘政府初级雇员公告,http://www.hp.gov.cn/xwzx/tzgg/zpgg/content/post_10943830.html,2026-07-31,编外,首发/其他,2026-08-09T21:01:14+08:00,2026-08-14T10:42:03+08:00,否,待打开原文及附件核验
f2216012daf0143b,GZ-BAIYUN,白云区招聘信息,B,广州市白云区,综合招聘,广州市白云区人民政府松洲街道办事处2026年第一次公开招聘项目工作人员拟补录人员名单公示,https://www.by.gov.cn/zwgk/zdlyxxgkzl/jycyxxgkzl/zpxx/qnzpxx/content/post_10947229.html,2026-07-31,待核实,补充录用,2026-08-09T21:01:14+08:00,2026-08-22T09:47:35+08:00,否,待打开原文及附件核验
d1cb82ae2028e8da,GZ-BAIYUN,白云区招聘信息,B,广州市白云区,综合招聘,广州市白云区人民政府大源街道办事处2026年第一次政府雇员招聘笔试成绩及面试名单公告,https://www.by.gov.cn/zwgk/zdlyxxgkzl/jycyxxgkzl/zpxx/qnzpxx/content/post_10947479.html,2026-07-31,编外,面试,2026-08-09T21:01:14+08:00,2026-08-22T09:47:35+08:00,否,待打开原文及附件核验
432d9fbf3206ac86,GZ-TIANHE,天河区人事招聘,B,广州市天河区,综合招聘,广州市天河区2026年公开招聘社区专职工作人员公告,http://www.thnet.gov.cn/thdt/tzgg/rsxx/rszp/content/post_10944302.html,2026-07-31,编外,首发/其他,2026-08-09T21:01:14+08:00,2026-08-22T09:47:35+08:00,否,待打开原文及附件核验
6028da622afeb37b,GD-CITY-HEYUAN,河源市人社局公告公示,B,河源市,公务员/事业单位/编外,广东省事业单位2026年集中公开招聘高校毕业生（市卫生健康局直属事业单位）拟聘用...,http://www.heyuan.gov.cn/bmjy/hysrlzyhshbzj/gggs/content/post_711491.html,2026-07-31,事业编,录聘公示,2026-08-09T21:01:14+08:00,2026-08-22T09:47:35+08:00,否,待打开原文及附件核验
cf2ae310d043e59b,GZ-CONGHUA,从化区企事业公开招聘,B,广州市从化区,综合招聘,【区人社局】广东省事业单位2026年集中公开招聘高校毕业生广州市从化区拟聘用人员公示（第四...,http://www.conghua.gov.cn/zwfw/ztfw/hycyqsygkzp/content/post_10947572.html,2026-07-31,事业编,录聘公示,2026-08-09T21:01:14+08:00,2026-08-22T09:47:35+08:00,否,待打开原文及附件核验
bc53824672a4df1a,GZ-CONGHUA,从化区企事业公开招聘,B,广州市从化区,综合招聘,【区人社局】“百万英才汇南粤”-2026年广州市从化区事业单位赴北京公开招聘高校毕业生拟聘...,http://www.conghua.gov.cn/zwfw/ztfw/hycyqsygkzp/content/post_10945201.html,2026-07-31,事业编,首发/其他,2026-08-09T21:01:14+08:00,2026-08-22T09:47:35+08:00,否,待打开原文及附件核验
42c01e8dba44cbfa,GZ-HAIZHU,海珠区招聘信息,B,广州市海珠区,综合招聘,2026年广州市海珠区教育系统引进教育管理急需人才公告,https://www.haizhu.gov.cn/hzdt/tzgg/zpxx/content/post_10947963.html,2026-07-31,待核实,首发/其他,2026-08-09T21:01:14+08:00,2026-08-22T09:47:35+08:00,否,待打开原文及附件核验
7d2abbb2a22efb15,GD-CITY-JIEYANG,揭阳市人社局通知公告,B,揭阳市,公务员/事业单位/编外,揭阳市人力资源和社会保障局2026年度公开遴选公务员拟转任人员公示,http://www.jieyang.gov.cn/rsj/tzgg/content/post_1036696.html,2026-07-30,公务员,录聘公示,2026-08-09T21:01:14+08:00,2026-08-22T09:47:35+08:00,否,待打开原文及附件核验
1a451fa579642b69,GZ-TIANHE,天河区人事招聘,B,广州市天河区,综合招聘,广州市天河区2025年公开招聘社区专职工作人员拟聘用人员公示（第九批）,http://www.thnet.gov.cn/thdt/tzgg/rsxx/rszp/content/post_10944305.html,2026-07-30,编外,录聘公示,2026-08-09T21:01:14+08:00,2026-08-22T09:47:35+08:00,否,待打开原文及附件核验
a375328bbe0f497e,GD-CITY-MAOMING,茂名市人社局,B,茂名市,公务员/事业单位/编外,广东省事业单位2026年集中公开招聘高校毕业生茂名市招聘岗位（第二批）拟聘用人员名单公示 2026-07-30,http://mmrs.maoming.gov.cn/xwzx/tzgg/content/post_1632725.html,2026-07-30,事业编,录聘公示,2026-08-09T21:01:14+08:00,2026-08-21T09:54:58+08:00,否,待打开原文及附件核验
933ad3458c40981f,GZ-PANYU,番禺区招考信息,B,广州市番禺区,综合招聘,广东省事业单位2026年集中公开招聘高校毕业生广州市番禺区属事业单位拟聘用人员名单公示（第四批）,http://www.panyu.gov.cn/zwgk/rsgk/zkxx/content/post_10911837.html,2026-07-30,事业编,录聘公示,2026-08-09T21:01:14+08:00,2026-08-22T09:47:35+08:00,否,待打开原文及附件核验
5b339afe77ec4b56,GZ-HAIZHU,海珠区招聘信息,B,广州市海珠区,综合招聘,南洲街道2026年第一批公开招聘雇员拟录用人员的公示,https://www.haizhu.gov.cn/hzdt/tzgg/zpxx/content/post_10944541.html,2026-07-30,编外,录聘公示,2026-08-09T21:01:14+08:00,2026-08-22T09:47:35+08:00,否,待打开原文及附件核验
a9dc6091cb4fd158,GZ-PANYU,番禺区招考信息,B,广州市番禺区,综合招聘,关于广州市番禺区投资促进中心2026年公开招聘工作人员笔试成绩查询及现场资格复审安排的公告,http://www.panyu.gov.cn/zwgk/rsgk/zkxx/content/post_10945381.html,2026-07-30,待核实,资格复审,2026-08-09T21:01:14+08:00,2026-08-22T09:47:35+08:00,否,待打开原文及附件核验
7d189a13b8ea5521,GD-CITY-ZHONGSHAN,中山市人社局事业单位公开招聘,B,中山市,事业单位,中山市教育和体育局直属学校2025年第一期公开招聘专任教师拟聘用人员名单公示（第十五批）,http://hrss.zs.gov.cn/xxgk/rsxx/sydwgkzp/content/post_2638138.html,2026-07-30,待核实,录聘公示,2026-08-09T21:01:14+08:00,2026-08-17T09:52:59+08:00,否,待打开原文及附件核验
a55311c0287e8051,NAT-PUBLIC-JOBS,中国公共招聘网事业单位公开招聘,A,全国/广东,事业单位,中国水利水电科学研究院2026年度公开招聘工作人员（第三批）公告,https://www.mohrss.gov.cn/SYrlzyhshbzb/fwyd/SYkaoshizhaopin/zyhgjjgsydwgkzp/zpgg/202607/t20260729_581143.html,2026-07-30,待核实,首发/其他,2026-08-09T21:01:14+08:00,2026-08-22T09:47:35+08:00,否,待打开原文及附件核验
3db941390b06e252,GD-CITY-SHANWEI,汕尾市人社局事业单位招聘,B,汕尾市,事业单位,【百万英才汇南粤】中山大学孙逸仙纪念医院深汕中心医院公开招聘事业单位工作人员（2026年骨干人才第四批）公告,http://www.shanwei.gov.cn/swrsj/ztzl/rsks/sydwzp/content/post_1265512.html,2026-07-30,事业编,首发/其他,2026-08-09T21:01:14+08:00,2026-08-22T09:47:35+08:00,否,待打开原文及附件核验
1f192b28e8596cf2,GD-CITY-SHANWEI,汕尾市人社局事业单位招聘,B,汕尾市,事业单位,【百万英才汇南粤】中山大学孙逸仙纪念医院深汕中心医院公开招聘事业单位工作人员（2026年医教研第四批、行政后勤第二批）公告,http://www.shanwei.gov.cn/swrsj/ztzl/rsks/sydwzp/content/post_1265503.html,2026-07-30,事业编,首发/其他,2026-08-09T21:01:14+08:00,2026-08-22T09:47:35+08:00,否,待打开原文及附件核验
3bbf12f7a7dbe0d4,GZ-CONGHUA,从化区企事业公开招聘,B,广州市从化区,综合招聘,【区人社局】广州市从化区卫生健康局所属事业单位2025年第二次公开招聘事业编制工作人员第二...,http://www.conghua.gov.cn/zwfw/ztfw/hycyqsygkzp/content/post_10942431.html,2026-07-30,事业编,首发/其他,2026-08-09T21:01:14+08:00,2026-08-22T09:47:35+08:00,否,待打开原文及附件核验
ec635f2d0314dd94,GD-CITY-SHAOGUAN,韶关市人社局事业单位人事,B,韶关市,事业单位,韶关市退役军人事务局下属事业单位2026年集中公开招聘高校毕业生拟聘人员公示（第...,https://rsj.sg.gov.cn/ywzt/rsrc/sydw/content/post_2863342.html,2026-07-29,事业编,录聘公示,2026-08-09T21:01:14+08:00,2026-08-17T09:52:59+08:00,否,待打开原文及附件核验
d4ba513d49b18965,NAT-PUBLIC-JOBS,中国公共招聘网事业单位公开招聘,A,全国/广东,事业单位,民政部所属单位2026年度社会公开招聘公告,https://www.mohrss.gov.cn/SYrlzyhshbzb/fwyd/SYkaoshizhaopin/zyhgjjgsydwgkzp/zpgg/202607/t20260728_581063.html,2026-07-29,待核实,首发/其他,2026-08-09T21:01:14+08:00,2026-08-22T09:47:35+08:00,否,待打开原文及附件核验
ad12fb2504ce8c2e,GD-CITY-FOSHAN,佛山市人社局机关事业单位招录,B,佛山市,公务员/事业单位/编外,机关事业单位招录,https://hrss.foshan.gov.cn/zwgk/jgsydwzl/,2026-07-29,事业编,首发/其他,2026-08-09T21:01:14+08:00,2026-08-09T21:01:14+08:00,否,待打开原文及附件核验
296c8de99868ee5f,GD-HRSS-INST,广东省人社厅事业单位招聘公告,A,广东省,事业单位,惠州学院2026年公开招聘学科带头人、学科骨干公告,https://hrss.gd.gov.cn/zwgk/sydwzp/zpgg/content/post_4927713.html,2026-07-29,待核实,首发/其他,2026-08-09T21:01:14+08:00,2026-08-13T10:43:48+08:00,否,待打开原文及附件核验
2f2218be15f2344e,GZ-HUANGPU,黄埔区招聘公告,B,广州市黄埔区,综合招聘,广州开发区投资促进局拟聘人员公示,http://www.hp.gov.cn/xwzx/tzgg/zpgg/content/post_10942453.html,2026-07-29,待核实,录聘公示,2026-08-09T21:01:14+08:00,2026-08-14T10:42:03+08:00,否,待打开原文及附件核验
52bdbf2960a09d01,GZ-HUANGPU,黄埔区招聘公告,B,广州市黄埔区,综合招聘,广州开发区建设工程质量安全监督站拟聘人员公示,http://www.hp.gov.cn/xwzx/tzgg/zpgg/content/post_10942455.html,2026-07-29,待核实,录聘公示,2026-08-09T21:01:14+08:00,2026-08-12T19:09:13+08:00,否,待打开原文及附件核验
ec912858bdff383d,GZ-HUANGPU,黄埔区招聘公告,B,广州市黄埔区,综合招聘,广州市黄埔区教育系统财务管理服务中心拟聘人员公示,http://www.hp.gov.cn/xwzx/tzgg/zpgg/content/post_10942405.html,2026-07-29,待核实,录聘公示,2026-08-09T21:01:14+08:00,2026-08-13T10:43:48+08:00,否,待打开原文及附件核验
9bed16be35e8224f,GZ-BAIYUN,白云区招聘信息,B,广州市白云区,综合招聘,广州市白云区钟落潭镇2026年政府雇员招聘笔试成绩及进入面试人员名单公示,https://www.by.gov.cn/zwgk/zdlyxxgkzl/jycyxxgkzl/zpxx/qnzpxx/content/post_10943997.html,2026-07-29,编外,录聘公示,2026-08-09T21:01:14+08:00,2026-08-22T09:47:35+08:00,否,待打开原文及附件核验
88779f0c76f1350a,GZ-BAIYUN,白云区招聘信息,B,广州市白云区,综合招聘,广州市白云区钟落潭镇2026年公开招聘合同制聘员笔试成绩及进入面试人员名单公示,https://www.by.gov.cn/zwgk/zdlyxxgkzl/jycyxxgkzl/zpxx/qnzpxx/content/post_10944013.html,2026-07-29,编外,录聘公示,2026-08-09T21:01:14+08:00,2026-08-22T09:47:35+08:00,否,待打开原文及附件核验
535ff0751dce1d69,GZ-TIANHE,天河区人事招聘,B,广州市天河区,综合招聘,天河区城市管理第二保洁所公开招聘编外工作人员公告,http://www.thnet.gov.cn/thdt/tzgg/rsxx/rszp/content/post_10943032.html,2026-07-29,编外,首发/其他,2026-08-09T21:01:14+08:00,2026-08-22T09:47:35+08:00,否,待打开原文及附件核验
8bfd06be15efecb0,NAT-PUBLIC-JOBS,中国公共招聘网事业单位公开招聘,A,全国/广东,事业单位,国家中医药管理局直属事业单位2026年度第二批公开招聘公告,https://www.mohrss.gov.cn/SYrlzyhshbzb/fwyd/SYkaoshizhaopin/zyhgjjgsydwgkzp/zpgg/202607/t20260728_581062.html,2026-07-29,事业编,首发/其他,2026-08-09T21:01:14+08:00,2026-08-22T09:47:35+08:00,否,待打开原文及附件核验
04133144d53a9951,GD-HRSS-INST,广东省人社厅事业单位招聘公告,A,广东省,事业单位,南方医科大学2026年公开招聘附属医院工作人员公告,https://hrss.gd.gov.cn/zwgk/sydwzp/zpgg/content/post_4935277.html,2026-07-29,待核实,首发/其他,2026-08-09T21:01:14+08:00,2026-08-14T10:42:03+08:00,否,待打开原文及附件核验
5275e83828de89d1,GZ-HAIZHU,海珠区招聘信息,B,广州市海珠区,综合招聘,公益性岗位拟聘用人员公示,https://www.haizhu.gov.cn/hzdt/tzgg/zpxx/content/post_10942650.html,2026-07-29,待核实,录聘公示,2026-08-09T21:01:14+08:00,2026-08-22T09:47:35+08:00,否,待打开原文及附件核验
25178e9a81328b9f,GD-CITY-FOSHAN,佛山市人社局机关事业单位招录,B,佛山市,公务员/事业单位/编外,佛山市第一人民医院2026年事业单位高层次人才（第二批）公开招聘公告,https://hrss.foshan.gov.cn/zwgk/jgsydwzl/content/post_7196492.html,2026-07-29,事业编,首发/其他,2026-08-09T21:01:14+08:00,2026-08-09T21:01:14+08:00,否,待打开原文及附件核验
f07a1fdf52e0036a,GZ-HAIZHU,海珠区招聘信息,B,广州市海珠区,综合招聘,中共广州市海珠区委社会工作部公开招聘雇员拟录用人员公示,https://www.haizhu.gov.cn/hzdt/tzgg/zpxx/content/post_10943307.html,2026-07-29,编外,录聘公示,2026-08-09T21:01:14+08:00,2026-08-22T09:47:35+08:00,否,待打开原文及附件核验
f5a1e3189e5811e1,GD-CITY-DONGGUAN,东莞市人社局公开招聘,B,东莞市,事业单位/编外,东莞市人民政府办公室系统2026年公开招聘编外聘用人员递补拟聘人员公示,https://www.dg.gov.cn/jjdz/zwgg/content/post_4566348.html,2026-07-29,编外,录聘公示,2026-08-09T21:01:14+08:00,2026-08-09T21:01:14+08:00,否,待打开原文及附件核验
fcb6cd3ba6a42919,GZ-LIWAN,荔湾招聘,B,广州市荔湾区,综合招聘,东沙街道环卫站公开招聘办公室管理员岗位笔试成绩公示,http://www.lw.gov.cn/ywdt/lwzp/content/post_10944095.html,2026-07-29,待核实,录聘公示,2026-08-09T21:01:14+08:00,2026-08-11T10:24:08+08:00,否,待打开原文及附件核验
c2745b1b2d203587,GZ-BAIYUN,白云区招聘信息,B,广州市白云区,综合招聘,2026年广州市事业单位统一公开招聘人才（白云区）拟聘人员公示（第二批）,https://www.by.gov.cn/zwgk/zdlyxxgkzl/jycyxxgkzl/zpxx/qnzpxx/content/post_10943145.html,2026-07-29,事业编,录聘公示,2026-08-09T21:01:14+08:00,2026-08-22T09:47:35+08:00,否,待打开原文及附件核验
424a95098ca68038,GZ-HAIZHU,海珠区招聘信息,B,广州市海珠区,综合招聘,滨江街关于公开招聘雇员的公告,https://www.haizhu.gov.cn/hzdt/tzgg/zpxx/content/post_10919067.html,2026-07-28,编外,首发/其他,2026-08-09T21:01:14+08:00,2026-08-22T09:47:35+08:00,否,待打开原文及附件核验
ed8662f764745fd7,GZ-HAIZHU,海珠区招聘信息,B,广州市海珠区,综合招聘,海珠区政务服务管理局关于公开招聘雇员的公告,https://www.haizhu.gov.cn/hzdt/tzgg/zpxx/content/post_10936447.html,2026-07-28,编外,首发/其他,2026-08-09T21:01:14+08:00,2026-08-22T09:47:35+08:00,否,待打开原文及附件核验
5e3437db0d59132c,GZ-TIANHE,天河区人事招聘,B,广州市天河区,综合招聘,广州市天河区2026年公开招聘事业单位工作人员公告,http://www.thnet.gov.cn/thdt/tzgg/rsxx/rszp/content/post_10913681.html,2026-07-28,事业编,首发/其他,2026-08-09T21:01:14+08:00,2026-08-22T09:47:35+08:00,否,待打开原文及附件核验
5303b948f7b4548c,GD-CITY-CHAOZHOU,潮州市人社局通知公告,B,潮州市,公务员/事业单位/编外,广东省事业单位2026年集中公开招聘高校毕业生潮州市卫生健康局属下事业单位拟聘用人员公示（第二批） 2026-07-22,https://www.chaozhou.gov.cn/zwgk/szfgz/srlzy/tzgg/content/post_3999227.html,2026-07-28,事业编,录聘公示,2026-08-09T21:01:14+08:00,2026-08-09T21:01:14+08:00,否,待打开原文及附件核验
fca3f335fceffc1c,GD-CITY-DONGGUAN,东莞市人社局公开招聘,B,东莞市,事业单位/编外,广东省事业单位2025年集中公开招聘高层次和急需紧缺人才（第二轮第三批）拟聘用人员公示,http://dghb.dg.gov.cn/ztpd/gkzp/nprygs/content/post_4566173.html,2026-07-28,事业编,录聘公示,2026-08-09T21:01:14+08:00,2026-08-09T21:01:14+08:00,否,待打开原文及附件核验
9919e184d324210e,GD-CITY-ZHANJIANG,湛江市人社局通知公告,B,湛江市,公务员/事业单位/国企,广东实验中学湛江学校2026年公开招聘工作人员拟聘用人员（第一批）公示,https://www.zhanjiang.gov.cn/zjsfw/bmdh/rsj/zwgk/tzgg/content/post_2206394.html,2026-07-28,待核实,录聘公示,2026-08-09T21:01:14+08:00,2026-08-19T09:50:31+08:00,否,待打开原文及附件核验
83237d729b59e841,GD-CITY-ZHONGSHAN,中山市人社局事业单位公开招聘,B,中山市,事业单位,中山市教育和体育局直属学校百万英才汇南粤——中山市教体系统专场第一期公开招聘事业单位人员拟聘用人员名单公示（第十二批）,http://hrss.zs.gov.cn/xxgk/rsxx/sydwgkzp/content/post_2637289.html,2026-07-28,事业编,录聘公示,2026-08-09T21:01:14+08:00,2026-08-10T10:30:49+08:00,否,待打开原文及附件核验
0bd7e64490de96c0,GD-CITY-ZHONGSHAN,中山市人社局事业单位公开招聘,B,中山市,事业单位,中山市教育和体育局直属学校2025年第三期公开招聘专任教师拟聘用人员名单公示（第八批）,http://hrss.zs.gov.cn/xxgk/rsxx/sydwgkzp/content/post_2638140.html,2026-07-28,待核实,录聘公示,2026-08-09T21:01:14+08:00,2026-08-17T09:52:59+08:00,否,待打开原文及附件核验
17b5a3878c6d8d41,GD-CITY-ZHONGSHAN,中山市人社局事业单位公开招聘,B,中山市,事业单位,中山市教育和体育局所属事业单位2025年第五期公开招聘事业单位人员拟聘用人员名单公示（第十批）,http://hrss.zs.gov.cn/xxgk/rsxx/sydwgkzp/content/post_2638145.html,2026-07-28,事业编,录聘公示,2026-08-09T21:01:14+08:00,2026-08-12T10:40:56+08:00,否,待打开原文及附件核验
480da74000c7aa96,GD-CITY-ZHONGSHAN,中山市人社局事业单位公开招聘,B,中山市,事业单位,中山市教体系统2026年第二期公开招聘事业单位人员拟聘用人员名单公示（第六批）,http://hrss.zs.gov.cn/xxgk/rsxx/sydwgkzp/content/post_2638150.html,2026-07-28,事业编,录聘公示,2026-08-09T21:01:14+08:00,2026-08-12T10:40:56+08:00,否,待打开原文及附件核验
f4aa888c9be4b916,GD-CITY-ZHONGSHAN,中山市人社局事业单位公开招聘,B,中山市,事业单位,中山市教体系统2026年第一期公开招聘事业单位人员拟聘用人员名单公示（第十批）,http://hrss.zs.gov.cn/xxgk/rsxx/sydwgkzp/content/post_2638147.html,2026-07-28,事业编,录聘公示,2026-08-09T21:01:14+08:00,2026-08-12T10:40:56+08:00,否,待打开原文及附件核验
6abb63488f0310c4,GD-CITY-DONGGUAN,东莞市人社局公开招聘,B,东莞市,事业单位/编外,东莞市城市管理和综合管理局2026年公开招聘编外聘用人员拟聘人员公示,http://dgcg.dg.gov.cn/zfxxgkml/qt/tzgg/content/post_4562412.html,2026-07-28,编外,录聘公示,2026-08-09T21:01:14+08:00,2026-08-09T21:01:14+08:00,否,待打开原文及附件核验
b75c578bc5e7f652,GD-CITY-DONGGUAN,东莞市人社局公开招聘,B,东莞市,事业单位/编外,东莞市公立医院2025年集中公开招聘高层次和急需紧缺人才（第二批）拟聘用人员公示,http://dghb.dg.gov.cn/ztpd/gkzp/nprygs/content/post_4566172.html,2026-07-28,待核实,录聘公示,2026-08-09T21:01:14+08:00,2026-08-09T21:01:14+08:00,否,待打开原文及附件核验
97da7be2f584551a,GZ-CONGHUA,从化区企事业公开招聘,B,广州市从化区,综合招聘,【区人社局】广东省事业单位2026年集中公开招聘高校毕业生广州市从化区拟聘用人员公示（第三...,http://www.conghua.gov.cn/zwfw/ztfw/hycyqsygkzp/content/post_10912045.html,2026-07-28,事业编,录聘公示,2026-08-09T21:01:14+08:00,2026-08-22T09:47:35+08:00,否,待打开原文及附件核验
bfb61165c9b8444b,GZ-HAIZHU,海珠区招聘信息,B,广州市海珠区,综合招聘,素社街道关于公开招聘雇员的公告,https://www.haizhu.gov.cn/hzdt/tzgg/zpxx/content/post_10917938.html,2026-07-27,编外,首发/其他,2026-08-09T21:01:14+08:00,2026-08-22T09:47:35+08:00,否,待打开原文及附件核验
7c8c72a54f1aa079,GZ-BAIYUN,白云区招聘信息,B,广州市白云区,综合招聘,广州市白云区卫生健康系统2026年公开招聘（第一批）事业单位工作人员部分岗位取消开考的公告,https://www.by.gov.cn/zwgk/zdlyxxgkzl/jycyxxgkzl/zpxx/qnzpxx/content/post_10917460.html,2026-07-27,事业编,取消暂停/时间变更,2026-08-09T21:01:14+08:00,2026-08-18T09:48:19+08:00,否,待打开原文及附件核验
6a3e650e5efb79f3,GZ-BAIYUN,白云区招聘信息,B,广州市白云区,综合招聘,广州市白云区人民政府京溪街道办事处2026年第一次公开招聘合同制聘员第一次补录公告,https://www.by.gov.cn/zwgk/zdlyxxgkzl/jycyxxgkzl/zpxx/qnzpxx/content/post_10918397.html,2026-07-27,编外,补充录用,2026-08-09T21:01:14+08:00,2026-08-21T09:54:58+08:00,否,待打开原文及附件核验
449f7fd8689832fc,GZ-HAIZHU,海珠区招聘信息,B,广州市海珠区,综合招聘,广州市海珠区新滘供销合作社关于2026年公开招聘工作人员考试综合成绩及体检工作安排的公告,https://www.haizhu.gov.cn/hzdt/tzgg/zpxx/content/post_10916800.html,2026-07-27,待核实,体检考察,2026-08-09T21:01:14+08:00,2026-08-22T09:47:35+08:00,否,待打开原文及附件核验
a98dbd135879812f,GZ-NANSHA,南沙区招聘信息,B,广州市南沙区,综合招聘,广州市南沙区应急管理局公开招聘编外人员公告,http://www.gzns.gov.cn/zwgk/zdlyxxgk/jycy/zpxx/content/post_10914486.html,2026-07-27,编外,首发/其他,2026-08-09T21:01:14+08:00,2026-08-22T09:47:35+08:00,否,待打开原文及附件核验
4d772f400c437048,GD-CITY-ZHANJIANG,湛江市人社局通知公告,B,湛江市,公务员/事业单位/国企,广东实验中学湛江学校2025年秋季公开招聘工作人员拟聘用人员（第二批）公示,https://www.zhanjiang.gov.cn/zjsfw/bmdh/rsj/zwgk/tzgg/content/post_2206391.html,2026-07-27,待核实,录聘公示,2026-08-09T21:01:14+08:00,2026-08-18T18:43:31+08:00,否,待打开原文及附件核验
042d7b82d9471de9,GZ-HAIZHU,海珠区招聘信息,B,广州市海珠区,综合招聘,2026年广州市海珠区公开招聘编制教师第一批拟聘用人员名单公示,https://www.haizhu.gov.cn/hzdt/tzgg/zpxx/content/post_10918263.html,2026-07-27,事业编,录聘公示,2026-08-09T21:01:14+08:00,2026-08-22T09:47:35+08:00,否,待打开原文及附件核验
bfea9fef3a0e9c7d,GD-CITY-ZHANJIANG,湛江市人社局通知公告,B,湛江市,公务员/事业单位/国企,2025年秋季湛江市第二中学公开招聘教师拟聘用人员公示,https://www.zhanjiang.gov.cn/zjsfw/bmdh/rsj/zwgk/tzgg/content/post_2206386.html,2026-07-27,待核实,录聘公示,2026-08-09T21:01:14+08:00,2026-08-18T18:43:31+08:00,否,待打开原文及附件核验
d09708ad01002bf1,GZ-HAIZHU,海珠区招聘信息,B,广州市海珠区,综合招聘,2025年广州市海珠区教育系统高校“优才计划”招聘第一批拟聘用人员名单公示,https://www.haizhu.gov.cn/hzdt/tzgg/zpxx/content/post_10918173.html,2026-07-27,待核实,录聘公示,2026-08-09T21:01:14+08:00,2026-08-22T09:47:35+08:00,否,待打开原文及附件核验
94348774b70d7279,GD-CITY-MAOMING,茂名市人社局,B,茂名市,公务员/事业单位/编外,茂名市直属学校2026年公开招聘教职员公告 2026-07-22,http://mmrs.maoming.gov.cn/xwzx/tzgg/content/post_1630274.html,2026-07-24,待核实,首发/其他,2026-08-09T21:01:14+08:00,2026-08-09T21:53:20+08:00,否,待打开原文及附件核验
9b57dd48586c5f85,GD-CITY-HEYUAN,河源市人社局公告公示,B,河源市,公务员/事业单位/编外,河源市2026年事业单位公开招聘工作人员市直事业单位面试资格审核公告,http://www.heyuan.gov.cn/bmjy/hysrlzyhshbzj/gggs/content/post_710832.html,2026-07-24,事业编,面试,2026-08-09T21:01:14+08:00,2026-08-22T09:47:35+08:00,否,待打开原文及附件核验
c183d75039c31eaa,GD-CITY-SHANTOU,汕头市人社局事业单位招聘信息,B,汕头市,事业单位,汕头市文化广电旅游体育局下属事业单位参加广东省事业单位2026年集中公开招聘高校毕业生拟聘用人员（第三批）公示,https://www.shantou.gov.cn/stsrlzyhshbzj/ztzl/sydwrsgl/zpxx/content/post_2554126.html,2026-07-24,事业编,录聘公示,2026-08-09T21:01:14+08:00,2026-08-22T09:47:35+08:00,否,待打开原文及附件核验
e0f97e96679fb65d,GZ-BAIYUN,白云区招聘信息,B,广州市白云区,综合招聘,广州市白云区科技工业商务和信息化局2026年就业见习岗位拟聘用人员公示（第二批）,https://www.by.gov.cn/zwgk/zdlyxxgkzl/jycyxxgkzl/zpxx/qnzpxx/content/post_10916379.html,2026-07-24,待核实,录聘公示,2026-08-09T21:01:14+08:00,2026-08-17T18:46:22+08:00,否,待打开原文及附件核验
fdd5eca8f2f39f48,GZ-BAIYUN,白云区招聘信息,B,广州市白云区,综合招聘,广州市白云区人民政府松洲街道办事处2026年第一次公开招聘项目工作人员补录的补充公告,https://www.by.gov.cn/zwgk/zdlyxxgkzl/jycyxxgkzl/zpxx/qnzpxx/content/post_10915879.html,2026-07-24,待核实,补充更正,2026-08-09T21:01:14+08:00,2026-08-14T10:42:03+08:00,否,待打开原文及附件核验
e903550a646d26b8,GZ-EDU-HR,广州市教育局人事工作,B,广州市,事业编/教师,广州市教育局直属事业单位2026年第一次公开招聘教师第四批拟聘用人员公示,https://jyj.gz.gov.cn/gk/zfxxgkml/qt/gs/rsgz/content/post_10912064.html,2026-07-24,事业编,录聘公示,2026-08-09T21:01:14+08:00,2026-08-22T09:47:35+08:00,否,待打开原文及附件核验
ac645466afda5655,GD-CITY-HEYUAN,河源市人社局公告公示,B,河源市,公务员/事业单位/编外,关于河源市2026年事业单位公开招聘工作人员笔试合格分数线的公告,http://www.heyuan.gov.cn/bmjy/hysrlzyhshbzj/gggs/content/post_710708.html,2026-07-24,事业编,成绩,2026-08-09T21:01:14+08:00,2026-08-22T09:47:35+08:00,否,待打开原文及附件核验
a5912286e9cc6169,GD-CITY-YUNFU,云浮市人社局通知公告,B,云浮市,公务员/事业单位/编外,云浮市云安区云安中学2026年公开招聘高中教师公告 2026-07-24,https://www.yunan.gov.cn/yaqrmzf/jcxxgk/tzgg/content/post_2027612.html,2026-07-24,待核实,首发/其他,2026-08-09T21:01:14+08:00,2026-08-22T09:47:35+08:00,否,待打开原文及附件核验
fd93d61c8d02a8e9,GZ-HAIZHU,海珠区招聘信息,B,广州市海珠区,综合招聘,2026年4月广州市海珠区人民法院公开招聘劳动合同制书记员、法警辅助员补录的补充公告,https://www.haizhu.gov.cn/hzdt/tzgg/zpxx/content/post_10915643.html,2026-07-24,编外,补充更正,2026-08-09T21:01:14+08:00,2026-08-14T10:42:03+08:00,否,待打开原文及附件核验
fe33e73dc7103222,GZ-YUEXIU,越秀区公开招考招聘公告,B,广州市越秀区,综合招聘,越秀区应急管理关于公开招聘应急管理行政执法技术检查员的公告 2026-07-08,http://www.yuexiu.gov.cn/zwgk/rsxx/gkzkzp/zpgg/content/post_10892824.html,2026-07-23,待核实,首发/其他,2026-08-09T21:01:14+08:00,2026-08-22T09:47:35+08:00,否,待打开原文及附件核验
6270c182403a597f,NAT-PUBLIC-JOBS,中国公共招聘网事业单位公开招聘,A,全国/广东,事业单位,自然资源部所属单位2026年度公开招聘工作人员公告（第四批）,https://www.mohrss.gov.cn/SYrlzyhshbzb/fwyd/SYkaoshizhaopin/zyhgjjgsydwgkzp/zpgg/202607/t20260722_580688.html,2026-07-23,待核实,首发/其他,2026-08-09T21:01:14+08:00,2026-08-22T09:47:35+08:00,否,待打开原文及附件核验
e61775c41a69156d,GZ-BAIYUN,白云区招聘信息,B,广州市白云区,综合招聘,广州市白云区科技工业商务和信息化局2026年就业见习岗位拟聘用人员公示（第一批）,https://www.by.gov.cn/zwgk/zdlyxxgkzl/jycyxxgkzl/zpxx/qnzpxx/content/post_10913162.html,2026-07-23,待核实,录聘公示,2026-08-09T21:01:14+08:00,2026-08-10T10:30:49+08:00,否,待打开原文及附件核验
e39434792456a146,GZ-NANSHA,南沙区招聘信息,B,广州市南沙区,综合招聘,南沙区残疾人联合会公开招聘编外人员公告,http://www.gzns.gov.cn/zwgk/zdlyxxgk/jycy/zpxx/content/post_10893372.html,2026-07-23,编外,首发/其他,2026-08-09T21:01:14+08:00,2026-08-22T09:47:35+08:00,否,待打开原文及附件核验
94a8df77344cda66,GZ-TIANHE,天河区人事招聘,B,广州市天河区,综合招聘,“百万英才汇南粤”广州市天河区2025年事业单位公开招聘博士拟聘用人员名单公示,http://www.thnet.gov.cn/thdt/tzgg/rsxx/rszp/content/post_10908793.html,2026-07-23,事业编,录聘公示,2026-08-09T21:01:14+08:00,2026-08-22T09:47:35+08:00,否,待打开原文及附件核验
42bcac57c00ae7b5,GD-CITY-ZHANJIANG,湛江市人社局通知公告,B,湛江市,公务员/事业单位/国企,湛江市机关事务管理局局属事业单位2026年公开招聘拟聘用人员公示,https://www.zhanjiang.gov.cn/zjsfw/bmdh/rsj/zwgk/tzgg/content/post_2204371.html,2026-07-22,事业编,录聘公示,2026-08-09T21:01:14+08:00,2026-08-17T09:52:59+08:00,否,待打开原文及附件核验
b7a3b893d4e880b1,GD-HRSS-INST,广东省人社厅事业单位招聘公告,A,广东省,事业单位,星海音乐学院2026年第三批公开招聘工作人员公告,https://hrss.gd.gov.cn/zwgk/sydwzp/zpgg/content/post_4922776.html,2026-07-22,待核实,首发/其他,2026-08-09T21:01:14+08:00,2026-08-12T10:40:56+08:00,否,待打开原文及附件核验
3400ff4b0e79f322,GZ-PANYU,番禺区招考信息,B,广州市番禺区,综合招聘,广州市番禺区教育局2026年公开招聘事业编制教师拟聘用人员公示（第二批）,http://www.panyu.gov.cn/zwgk/rsgk/zkxx/content/post_10911695.html,2026-07-22,事业编,录聘公示,2026-08-09T21:01:14+08:00,2026-08-22T09:47:35+08:00,否,待打开原文及附件核验
e85086ed6a4a5514,GZ-EDU-HR,广州市教育局人事工作,B,广州市,事业编/教师,广州市教育局直属事业单位参加广东省事业单位2026年集中公开招聘高校毕业生第三批拟聘人员公示,https://jyj.gz.gov.cn/gk/zfxxgkml/qt/gs/rsgz/content/post_10911027.html,2026-07-22,事业编,录聘公示,2026-08-09T21:01:14+08:00,2026-08-22T09:47:35+08:00,否,待打开原文及附件核验
845c8b7e5d2a939d,GZ-HEALTH-NOTICES,广州市卫生健康委员会通知公告,B,广州市,事业编/医疗卫生,广州市卫生健康委员会直属事业单位2026年第一次引进急需专业人才广州医科大学附属脑科医院拟聘用人员公示,http://wjw.gz.gov.cn/xxgk/tzgg/content/post_10911139.html,2026-07-22,事业编,录聘公示,2026-08-09T21:01:14+08:00,2026-08-22T09:47:35+08:00,否,待打开原文及附件核验
2195fc1d609b1ff6,GD-CITY-HEYUAN,河源市人社局公告公示,B,河源市,公务员/事业单位/编外,广东省事业单位2026年集中公开招聘高校毕业生（河职院岗位）拟聘用人员公示,http://www.heyuan.gov.cn/bmjy/hysrlzyhshbzj/gggs/content/post_710415.html,2026-07-22,事业编,录聘公示,2026-08-09T21:01:14+08:00,2026-08-22T09:47:35+08:00,否,待打开原文及附件核验
1e30bf59711546d6,GZ-PANYU,番禺区招考信息,B,广州市番禺区,综合招聘,广东省事业单位2026年集中公开招聘高校毕业生广州市番禺区属事业单位拟聘用人员名单公示（第三批）,http://www.panyu.gov.cn/zwgk/rsgk/zkxx/content/post_10892835.html,2026-07-22,事业编,录聘公示,2026-08-09T21:01:14+08:00,2026-08-22T09:47:35+08:00,否,待打开原文及附件核验
feda5423a1c25e3a,GD-CITY-SHENZHEN,深圳市人社局公职人员招考,B,深圳市,公务员/事业单位,市人力资源保障局关于转发深圳市第二实验学校明远高中2025年4月公开招聘事业单...,https://hrss.sz.gov.cn/gzryzk/content/post_12901911.html,2026-07-22,待核实,首发/其他,2026-08-09T21:01:14+08:00,2026-08-09T21:01:14+08:00,否,待打开原文及附件核验
dd81627edeb2cd09,GZ-HAIZHU,海珠区招聘信息,B,广州市海珠区,综合招聘,凤阳街道2026年第二批公开招聘雇员拟录用人员公示,https://www.haizhu.gov.cn/hzdt/tzgg/zpxx/content/post_10912347.html,2026-07-22,编外,录聘公示,2026-08-09T21:01:14+08:00,2026-08-14T10:42:03+08:00,否,待打开原文及附件核验
0042e192db5a65ed,GZ-HAIZHU,海珠区招聘信息,B,广州市海珠区,综合招聘,中共广州市海珠区委社会工作部公开招聘雇员递补体检公告,https://www.haizhu.gov.cn/hzdt/tzgg/zpxx/content/post_10912345.html,2026-07-22,编外,体检考察,2026-08-09T21:01:14+08:00,2026-08-14T10:42:03+08:00,否,待打开原文及附件核验
188663137c9823e4,GZ-CONGHUA,从化区企事业公开招聘,B,广州市从化区,综合招聘,【区人社局】“百万英才汇南粤”-2026年广州市从化区事业单位赴北京公开招聘高校毕业生拟聘...,http://www.conghua.gov.cn/zwfw/ztfw/hycyqsygkzp/content/post_10905723.html,2026-07-22,事业编,首发/其他,2026-08-09T21:01:14+08:00,2026-08-22T09:47:35+08:00,否,待打开原文及附件核验
bc29efe8deadce70,GZ-EDU-HR,广州市教育局人事工作,B,广州市,事业编/教师,2025年下半年广州市教育系统校园招聘“优才计划”第二批拟聘用人员公示,https://jyj.gz.gov.cn/gk/zfxxgkml/qt/gs/rsgz/content/post_10911429.html,2026-07-22,待核实,录聘公示,2026-08-09T21:01:14+08:00,2026-08-22T09:47:35+08:00,否,待打开原文及附件核验
46db432bd1794b90,GD-CITY-SHANTOU,汕头市人社局事业单位招聘信息,B,汕头市,事业单位,汕头市教育局直属汕头市中山幼儿园2025年下半年公开招聘工作人员拟聘用人员公示,https://www.shantou.gov.cn/stsrlzyhshbzj/ztzl/sydwrsgl/zpxx/content/post_2553881.html,2026-07-21,待核实,录聘公示,2026-08-09T21:01:14+08:00,2026-08-22T09:47:35+08:00,否,待打开原文及附件核验
3454cad9e1f03d1c,GZ-EDU-HR,广州市教育局人事工作,B,广州市,事业编/教师,广州市教育局直属事业单位2026年第一次公开招聘教师第三批拟聘用人员公示,https://jyj.gz.gov.cn/gk/zfxxgkml/qt/gs/rsgz/content/post_10897517.html,2026-07-21,事业编,录聘公示,2026-08-09T21:01:14+08:00,2026-08-22T09:47:35+08:00,否,待打开原文及附件核验
857c4cc7e0def773,GD-CITY-CHAOZHOU,潮州市人社局通知公告,B,潮州市,公务员/事业单位/编外,广东省事业单位2026年集中公开招聘高校毕业生潮州市文化广电旅游体育局属下事业单位拟聘用人员公示 2026-07-16,https://www.chaozhou.gov.cn/zwgk/szfgz/srlzy/tzgg/content/post_3998534.html,2026-07-21,事业编,录聘公示,2026-08-09T21:01:14+08:00,2026-08-09T21:01:14+08:00,否,待打开原文及附件核验
aff56324979769f6,GZ-HAIZHU,海珠区招聘信息,B,广州市海珠区,综合招聘,江南中街道公开招聘雇员拟递补录用人员的公示,https://www.haizhu.gov.cn/hzdt/tzgg/zpxx/content/post_10909030.html,2026-07-20,编外,补充录用,2026-08-09T21:01:14+08:00,2026-08-12T10:40:56+08:00,否,待打开原文及附件核验
cd5d827a99fff6b7,GD-CITY-SHANTOU,汕头市人社局事业单位招聘信息,B,汕头市,事业单位,汕头市教育局直属汕头金中华侨试验区学校2025年下半年公开招聘工作人员拟聘用人员公示,https://www.shantou.gov.cn/stsrlzyhshbzj/ztzl/sydwrsgl/zpxx/content/post_2553861.html,2026-07-20,待核实,录聘公示,2026-08-09T21:01:14+08:00,2026-08-22T09:47:35+08:00,否,待打开原文及附件核验
d8ae9ec6a5d2ddb0,GD-CITY-SHANTOU,汕头市人社局事业单位招聘信息,B,汕头市,事业单位,汕头市教育局直属汕头市聋哑学校参加广东省事业单位2026年集中公开招聘高校毕业生拟聘用人员（第二批）公示,https://www.shantou.gov.cn/stsrlzyhshbzj/ztzl/sydwrsgl/zpxx/content/post_2553875.html,2026-07-20,事业编,录聘公示,2026-08-09T21:01:14+08:00,2026-08-22T09:47:35+08:00,否,待打开原文及附件核验
c3f3cdf60db0f9d0,GD-CITY-SHANTOU,汕头市人社局事业单位招聘信息,B,汕头市,事业单位,汕头市教育局直属汕头市聋哑学校2025年下半年公开招聘工作人员拟聘用人员（第三批）公示,https://www.shantou.gov.cn/stsrlzyhshbzj/ztzl/sydwrsgl/zpxx/content/post_2553867.html,2026-07-20,待核实,录聘公示,2026-08-09T21:01:14+08:00,2026-08-22T09:47:35+08:00,否,待打开原文及附件核验
9c0875bf103f85e0,GD-CITY-SHANTOU,汕头市人社局事业单位招聘信息,B,汕头市,事业单位,汕头市教育局直属汕头市第一中学2025年下半年公开招聘工作人员拟聘用人员（第二批）公示,https://www.shantou.gov.cn/stsrlzyhshbzj/ztzl/sydwrsgl/zpxx/content/post_2552747.html,2026-07-20,待核实,录聘公示,2026-08-09T21:01:14+08:00,2026-08-22T09:47:35+08:00,否,待打开原文及附件核验
c311f81e176a4d64,GD-CITY-YUNFU,云浮市人社局通知公告,B,云浮市,公务员/事业单位/编外,广东省云浮市招聘市级机关事业单位紧缺人才拟聘用人员名单公示 2026-07-20,https://www.yunfu.gov.cn/rsj/zx/tzgg/content/post_2026747.html,2026-07-20,事业编,录聘公示,2026-08-09T21:01:14+08:00,2026-08-22T09:47:35+08:00,否,待打开原文及附件核验
bad6dc479808fd13,GD-CITY-FOSHAN,佛山市人社局机关事业单位招录,B,佛山市,公务员/事业单位/编外,佛山职业技术学院2026年公开招聘高层次人才公告,https://hrss.foshan.gov.cn/zwgk/jgsydwzl/content/post_7184940.html,2026-07-20,待核实,首发/其他,2026-08-09T21:01:14+08:00,2026-08-09T21:01:14+08:00,否,待打开原文及附件核验
209db45bed99602b,NAT-PUBLIC-JOBS,中国公共招聘网事业单位公开招聘,A,全国/广东,事业单位,中国地质调查局局属单位2026年度公开招聘工作人员公告（第三批）,https://www.mohrss.gov.cn/SYrlzyhshbzb/fwyd/SYkaoshizhaopin/zyhgjjgsydwgkzp/zpgg/202607/t20260717_580418.html,2026-07-20,待核实,首发/其他,2026-08-09T21:01:14+08:00,2026-08-22T09:47:35+08:00,否,待打开原文及附件核验
50cb93a18f02ec90,GZ-TIANHE,天河区人事招聘,B,广州市天河区,综合招聘,“百万英才汇南粤”广州市天河区2025年事业单位公开招聘博士第一批拟聘用人员名单公示,http://www.thnet.gov.cn/thdt/tzgg/rsxx/rszp/content/post_10906821.html,2026-07-20,事业编,录聘公示,2026-08-09T21:01:14+08:00,2026-08-22T09:47:35+08:00,否,待打开原文及附件核验
24f0484f6093766b,GD-CITY-ZHANJIANG,湛江市人社局通知公告,B,湛江市,公务员/事业单位/国企,2026年湛江市卫生健康局所属事业单位公开招聘工作人员公告,https://www.zhanjiang.gov.cn/zjsfw/bmdh/rsj/zwgk/tzgg/content/post_2203974.html,2026-07-20,事业编,首发/其他,2026-08-09T21:01:14+08:00,2026-08-11T10:24:08+08:00,否,待打开原文及附件核验
732a7c83a931aef2,GZ-ZENGCHENG,增城区事业单位招聘,B,广州市增城区,事业单位,2026年广州市增城区仙村镇人民政府公开招聘聘员拟聘用人员公示,https://www.zc.gov.cn/gk/rsgz/dwzp/ http:/www.zc.gov.cn/gk/rsgz/dwzp/content/post_10894524.html,2026-07-20,待核实,录聘公示,2026-08-09T21:01:14+08:00,2026-08-09T21:01:14+08:00,否,待打开原文及附件核验
1cadd6f8f34d43f5,GZ-HAIZHU,海珠区招聘信息,B,广州市海珠区,综合招聘,2026年官洲街道公开招聘雇员拟递补人员公示,https://www.haizhu.gov.cn/hzdt/tzgg/zpxx/content/post_10908491.html,2026-07-20,编外,录聘公示,2026-08-09T21:01:14+08:00,2026-08-12T10:40:56+08:00,否,待打开原文及附件核验
5ad18396fad1cd74,GD-CITY-HEYUAN,河源市人社局公告公示,B,河源市,公务员/事业单位/编外,河源市2026年事业单位公开招聘工作人员笔试成绩公告,http://www.heyuan.gov.cn/bmjy/hysrlzyhshbzj/gggs/content/post_709843.html,2026-07-17,事业编,成绩,2026-08-09T21:01:14+08:00,2026-08-18T09:48:19+08:00,否,待打开原文及附件核验
0b1351e9aa1d53d7,GZ-BAIYUN,白云区招聘信息,B,广州市白云区,综合招聘,广州市白云区司法局2026年第一次政府雇员公开招聘公告,https://www.by.gov.cn/zwgk/zdlyxxgkzl/jycyxxgkzl/zpxx/qnzpxx/content/post_10906242.html,2026-07-17,编外,首发/其他,2026-08-09T21:01:14+08:00,2026-08-10T10:30:49+08:00,否,待打开原文及附件核验
b9f8cd7325d14f1a,GZ-BAIYUN,白云区招聘信息,B,广州市白云区,综合招聘,广州市白云区人民政府办公室2026年第二次公开招聘政府雇员公告,https://www.by.gov.cn/zwgk/zdlyxxgkzl/jycyxxgkzl/zpxx/qnzpxx/content/post_10906917.html,2026-07-17,编外,首发/其他,2026-08-09T21:01:14+08:00,2026-08-10T10:30:49+08:00,否,待打开原文及附件核验
db5330023862224d,GZ-TIANHE,天河区人事招聘,B,广州市天河区,综合招聘,广州市天河区员村街道综合事务中心2026年公开招聘环卫工人拟聘用人员公示,http://www.thnet.gov.cn/thdt/tzgg/rsxx/rszp/content/post_10905954.html,2026-07-17,待核实,录聘公示,2026-08-09T21:01:14+08:00,2026-08-21T09:54:58+08:00,否,待打开原文及附件核验
46ec4ef674840022,GZ-TIANHE,天河区人事招聘,B,广州市天河区,综合招聘,天河区公共卫生间管理所公开招聘编外工作人员公告,http://www.thnet.gov.cn/thdt/tzgg/rsxx/rszp/content/post_10890551.html,2026-07-17,编外,首发/其他,2026-08-09T21:01:14+08:00,2026-08-20T09:48:36+08:00,否,待打开原文及附件核验
5b7b1f3dc77e3691,GD-CITY-YUNFU,云浮市人社局通知公告,B,云浮市,公务员/事业单位/编外,云浮市教育局直属学校2026年公开招聘教师公告 2026-07-16,https://www.yunfu.gov.cn/jyj/tzgg/content/post_2025423.html,2026-07-17,待核实,首发/其他,2026-08-09T21:01:14+08:00,2026-08-22T09:47:35+08:00,否,待打开原文及附件核验
5327ec81b0437338,GZ-HRSS-NOTICES,广州市人社局通知公告,B,广州市,综合,中共广州市委办公厅2026年公开选调公务员考试总成绩及排名公告,https://rsj.gz.gov.cn/zwdt/tzgg/content/post_10898505.html,2026-07-17,公务员,成绩,2026-08-09T21:01:14+08:00,2026-08-22T09:47:35+08:00,否,待打开原文及附件核验
88e429e40671608a,GZ-CONGHUA,从化区企事业公开招聘,B,广州市从化区,综合招聘,【区人社局】“百万英才汇南粤”-2026年广州市从化区事业单位赴北京公开招聘高校毕业生拟聘...,http://www.conghua.gov.cn/zwfw/ztfw/hycyqsygkzp/content/post_10901142.html,2026-07-17,事业编,首发/其他,2026-08-09T21:01:14+08:00,2026-08-22T09:47:35+08:00,否,待打开原文及附件核验
6566394521d4310c,GD-CITY-CHAOZHOU,潮州市人社局通知公告,B,潮州市,公务员/事业单位/编外,广东省事业单位2026年集中公开招聘高校毕业生潮州市交通运输局属下事业单位拟聘用人员公示 2026-07-14,https://www.chaozhou.gov.cn/zwgk/szfgz/srlzy/tzgg/content/post_3998215.html,2026-07-16,事业编,录聘公示,2026-08-09T21:01:14+08:00,2026-08-09T21:01:14+08:00,否,待打开原文及附件核验
8c36773697dff83d,NAT-PUBLIC-JOBS,中国公共招聘网事业单位公开招聘,A,全国/广东,事业单位,国家邮政局所属在京单位2026年度公开招聘公告,https://www.mohrss.gov.cn/SYrlzyhshbzb/fwyd/SYkaoshizhaopin/zyhgjjgsydwgkzp/zpgg/202607/t20260715_580262.html,2026-07-16,待核实,首发/其他,2026-08-09T21:01:14+08:00,2026-08-22T09:47:35+08:00,否,待打开原文及附件核验
e14b6b1ccb8384c2,GD-CITY-JIEYANG,揭阳市人社局通知公告,B,揭阳市,公务员/事业单位/编外,关于2026年揭阳市事业单位引进急需紧缺人才发放生活补贴人员情况的公示（第二批）,http://www.jieyang.gov.cn/rsj/tzgg/content/post_1033990.html,2026-07-16,事业编,录聘公示,2026-08-09T21:01:14+08:00,2026-08-22T09:47:35+08:00,否,待打开原文及附件核验
af4414f4c541631f,GD-CITY-DONGGUAN,东莞市人社局公开招聘,B,东莞市,事业单位/编外,中共东莞市委办公室2026年公开招聘编外聘用人员拟聘人员公示,http://dghrss.dg.gov.cn/xwzx/gsgg/gkzp/nprygs/content/post_4560081.html,2026-07-16,编外,录聘公示,2026-08-09T21:01:14+08:00,2026-08-09T21:01:14+08:00,否,待打开原文及附件核验
464f8b4b5d47c8d9,GD-CITY-SHANTOU,汕头市人社局事业单位招聘信息,B,汕头市,事业单位,汕头市融媒中心参加广东省事业单位2026年集中公开招聘高校毕业生拟聘用人员（第二批）公示,https://www.shantou.gov.cn/stsrlzyhshbzj/ztzl/sydwrsgl/zpxx/content/post_2552693.html,2026-07-15,事业编,录聘公示,2026-08-09T21:01:14+08:00,2026-08-22T09:47:35+08:00,否,待打开原文及附件核验
a8e6991bbb24b510,GD-CITY-SHANTOU,汕头市人社局事业单位招聘信息,B,汕头市,事业单位,汕头市教育局直属汕头市林百欣科学技术中等专业学校2025年下半年公开招聘工作人员拟聘用人员（第四批）公示,https://www.shantou.gov.cn/stsrlzyhshbzj/ztzl/sydwrsgl/zpxx/content/post_2552259.html,2026-07-15,待核实,录聘公示,2026-08-09T21:01:14+08:00,2026-08-22T09:47:35+08:00,否,待打开原文及附件核验
2545cb6385d0759d,GZ-SASAC-NOTICES,广州市国资委通知公告,B,广州市,国企/事业单位,广州市国资委直属事业单位2026年引进急需人才笔试成绩查询及现场资格复审有关事项公告,https://gzw.gz.gov.cn/xw/tzgg/content/post_10874292.html,2026-07-15,事业编,资格复审,2026-08-09T21:01:14+08:00,2026-08-22T09:47:35+08:00,否,待打开原文及附件核验
368aa96a5c201393,GZ-HEALTH-NOTICES,广州市卫生健康委员会通知公告,B,广州市,事业编/医疗卫生,广州市卫生健康委员会直属事业单位2026年第一次引进急需专业人才广州医科大学附属中医医院拟聘用人员公示,http://wjw.gz.gov.cn/xxgk/tzgg/content/post_10901792.html,2026-07-15,事业编,录聘公示,2026-08-09T21:01:14+08:00,2026-08-22T09:47:35+08:00,否,待打开原文及附件核验
45582d4d23aca9cb,NAT-PUBLIC-JOBS,中国公共招聘网事业单位公开招聘,A,全国/广东,事业单位,中国网络安全审查认证和市场监管大数据中心2026年度公开招聘公告,https://www.mohrss.gov.cn/SYrlzyhshbzb/fwyd/SYkaoshizhaopin/zyhgjjgsydwgkzp/zpgg/202607/t20260714_580212.html,2026-07-15,待核实,首发/其他,2026-08-09T21:01:14+08:00,2026-08-21T09:54:58+08:00,否,待打开原文及附件核验
f30aea654b716aef,NAT-PUBLIC-JOBS,中国公共招聘网事业单位公开招聘,A,全国/广东,事业单位,中国水产科学研究院2026年度第三批统一公开招聘公告,https://www.mohrss.gov.cn/SYrlzyhshbzb/fwyd/SYkaoshizhaopin/zyhgjjgsydwgkzp/zpgg/202607/t20260714_580213.html,2026-07-15,待核实,首发/其他,2026-08-09T21:01:14+08:00,2026-08-21T09:54:58+08:00,否,待打开原文及附件核验
179c61baf3848d0c,GZ-HEALTH-NOTICES,广州市卫生健康委员会通知公告,B,广州市,事业编/医疗卫生,2026年广州市卫生健康系统校园招聘“优才计划”拟聘用人员公示（四）,http://wjw.gz.gov.cn/xxgk/tzgg/content/post_10898131.html,2026-07-15,待核实,录聘公示,2026-08-09T21:01:14+08:00,2026-08-22T09:47:35+08:00,否,待打开原文及附件核验
fee654a75771f3d8,GZ-HEALTH-NOTICES,广州市卫生健康委员会通知公告,B,广州市,事业编/医疗卫生,2026年广州市卫生健康系统校园招聘“优才计划”拟聘用人员公示（五）,http://wjw.gz.gov.cn/xxgk/tzgg/content/post_10901740.html,2026-07-15,待核实,录聘公示,2026-08-09T21:01:14+08:00,2026-08-22T09:47:35+08:00,否,待打开原文及附件核验
639c6cdad62ae5b9,GD-CITY-SHENZHEN,深圳市人社局公职人员招考,B,深圳市,公务员/事业单位,深圳市事业单位2026年集中公开招聘高校毕业生深圳城市职业学院岗位拟聘人选公示...,https://hrss.sz.gov.cn/gzryzk/content/post_12891407.html,2026-07-14,事业编,录聘公示,2026-08-09T21:01:14+08:00,2026-08-09T21:01:14+08:00,否,待打开原文及附件核验
bc683c870797b98e,GD-CITY-HEYUAN,河源市人社局公告公示,B,河源市,公务员/事业单位/编外,广东省事业单位2026年集中公开招聘高校毕业生（市教育局下属事业单位）拟聘用人员...,http://www.heyuan.gov.cn/bmjy/hysrlzyhshbzj/gggs/content/post_709435.html,2026-07-14,事业编,录聘公示,2026-08-09T21:01:14+08:00,2026-08-13T19:09:29+08:00,否,待打开原文及附件核验
98a89bfb3f4592a6,GD-CITY-DONGGUAN,东莞市人社局公开招聘,B,东莞市,事业单位/编外,东莞市残疾人劳动就业管理办公室2026年公开招聘人员公告,http://www.gddgdpf.org.cn/dgdpf/tzgg/202607/f88d5046664d441bb6bb0b0c58776d3e.shtml,2026-07-14,待核实,首发/其他,2026-08-09T21:01:14+08:00,2026-08-09T21:01:14+08:00,否,待打开原文及附件核验
614e7e7660955812,GZ-CONGHUA,从化区企事业公开招聘,B,广州市从化区,综合招聘,【区人社局】广州市从化区卫生健康局所属事业单位2025年第二次公开招聘事业编制工作人员第一...,http://www.conghua.gov.cn/zwfw/ztfw/hycyqsygkzp/content/post_10892128.html,2026-07-14,事业编,首发/其他,2026-08-09T21:01:14+08:00,2026-08-22T09:47:35+08:00,否,待打开原文及附件核验
12f999b899d107c4,GD-CITY-HEYUAN,河源市人社局公告公示,B,河源市,公务员/事业单位/编外,“百万英才汇南粤计划”——河源市直有关学校2026年春季公开招聘拟聘用人员名单（...,http://www.heyuan.gov.cn/bmjy/hysrlzyhshbzj/gggs/content/post_709424.html,2026-07-14,待核实,录聘公示,2026-08-09T21:01:14+08:00,2026-08-11T19:02:44+08:00,否,待打开原文及附件核验
0d3ced28053e3eb2,GD-CITY-CHAOZHOU,潮州市人社局通知公告,B,潮州市,公务员/事业单位/编外,2026年潮州市生态环境局直属事业单位饶平县环境监测站公开招聘工作人员公告 2026-07-14,https://www.chaozhou.gov.cn/zwgk/szfgz/srlzy/tzgg/content/post_3998183.html,2026-07-14,事业编,首发/其他,2026-08-09T21:01:14+08:00,2026-08-09T21:01:14+08:00,否,待打开原文及附件核验
a72b093408921541,GD-CITY-CHAOZHOU,潮州市人社局通知公告,B,潮州市,公务员/事业单位/编外,2026年潮州市交通运输局属下事业单位公开招聘工作人员公告 2026-07-09,https://www.chaozhou.gov.cn/zwgk/szfgz/srlzy/tzgg/content/post_3997758.html,2026-07-14,事业编,首发/其他,2026-08-09T21:01:14+08:00,2026-08-09T21:01:14+08:00,否,待打开原文及附件核验
1ea1aa08c3c08e7c,GD-CITY-SHANTOU,汕头市人社局事业单位招聘信息,B,汕头市,事业单位,汕头市文化广电旅游体育局下属汕头市体育运动学校2026年公开招聘工作人员公告,https://www.shantou.gov.cn/stsrlzyhshbzj/ztzl/sydwrsgl/zpxx/content/post_2549731.html,2026-07-13,待核实,首发/其他,2026-08-09T21:01:14+08:00,2026-08-22T09:47:35+08:00,否,待打开原文及附件核验
989ba7fa7652f8fb,GZ-HEALTH-NOTICES,广州市卫生健康委员会通知公告,B,广州市,事业编/医疗卫生,广州市卫生健康委员会直属事业单位广州市急救医疗指挥中心2026年集中公开招聘高校毕业生拟聘用人员公示,http://wjw.gz.gov.cn/xxgk/tzgg/content/post_10898063.html,2026-07-13,事业编,录聘公示,2026-08-09T21:01:14+08:00,2026-08-22T09:47:35+08:00,否,待打开原文及附件核验
dde6e7bcfd55f3bf,GZ-HEALTH-NOTICES,广州市卫生健康委员会通知公告,B,广州市,事业编/医疗卫生,广州市卫生健康委员会直属事业单位2026年第一次引进急需专业人才广州市第一人民医院资格审查和考核评价公告,http://wjw.gz.gov.cn/xxgk/tzgg/content/post_10898019.html,2026-07-13,事业编,资格复审,2026-08-09T21:01:14+08:00,2026-08-22T09:47:35+08:00,否,待打开原文及附件核验
f9631facd8cb7e14,GZ-HRSS-INST-NOTICES,广州市事业单位招聘公告专栏,A,广州市,事业单位,广州市科学技术局直属事业单位2026年引进急需人才公告,http://kjj.gz.gov.cn/xxgk/rszp/content/post_10861606.html,2026-07-10,事业编,首发/其他,2026-08-09T21:01:14+08:00,2026-08-22T09:47:35+08:00,否,待打开原文及附件核验
57d2b7ba023cbe1c,GZ-HRSS-INST-NOTICES,广州市事业单位招聘公告专栏,A,广州市,事业单位,广州市社会主义学院（广州中华文化学院）2026年第一次公开招聘专业技术人员公告,http://www.gzsy.org.cn/tzgg/39040.jhtml,2026-07-10,待核实,首发/其他,2026-08-09T21:01:14+08:00,2026-08-22T09:47:35+08:00,否,待打开原文及附件核验
98ee7eebe973ff40,GZ-EDU-HR,广州市教育局人事工作,B,广州市,事业编/教师,广州市教育局直属事业单位参加广东省事业单位2026年集中公开招聘高校毕业生第二批拟聘人员公示,https://jyj.gz.gov.cn/gk/zfxxgkml/qt/gs/rsgz/content/post_10895571.html,2026-07-10,事业编,录聘公示,2026-08-09T21:01:14+08:00,2026-08-22T09:47:35+08:00,否,待打开原文及附件核验
e4a96a3510e2c80d,GZ-EDU-HR,广州市教育局人事工作,B,广州市,事业编/教师,2025年下半年广州市教育系统校园招聘“优才计划”第一批拟聘用人员公示,https://jyj.gz.gov.cn/gk/zfxxgkml/qt/gs/rsgz/content/post_10896183.html,2026-07-10,待核实,录聘公示,2026-08-09T21:01:14+08:00,2026-08-22T09:47:35+08:00,否,待打开原文及附件核验
40cbd00035dd3c1a,GD-CITY-SHAOGUAN,韶关市人社局事业单位人事,B,韶关市,事业单位,韶关市生态环境局直属事业单位2026年集中公开招聘高校毕业生拟聘人员公示（第一批...,https://rsj.sg.gov.cn/ywzt/rsrc/sydw/content/post_2863341.html,2026-07-09,事业编,录聘公示,2026-08-09T21:01:14+08:00,2026-08-17T09:52:59+08:00,否,待打开原文及附件核验
0eb855f57b74cf84,GD-CITY-ZHUHAI,珠海市人社局公职招考,B,珠海市,公务员/事业单位/编外,珠海市卫生健康局直属事业单位2026年公开招聘博士和高级职称... 2026-07-09,https://zhrsj.zhuhai.gov.cn/zw/tzgg/gzzk/content/post_3922815.html,2026-07-09,事业编,首发/其他,2026-08-09T21:01:14+08:00,2026-08-22T09:47:35+08:00,否,待打开原文及附件核验
0998ddddeb3ee18a,GZ-ZENGCHENG,增城区事业单位招聘,B,广州市增城区,事业单位,广州市生态环境局增城分局2026年6-7公开招聘编外人员拟聘用人员公示,https://www.zc.gov.cn/gk/rsgz/dwzp/ http:/www.zc.gov.cn/gk/rsgz/dwzp/content/post_10899385.html,2026-07-09,编外,录聘公示,2026-08-09T21:01:14+08:00,2026-08-09T21:01:14+08:00,否,待打开原文及附件核验
84d9b9c7df5089e0,GZ-EDU-HR,广州市教育局人事工作,B,广州市,事业编/教师,广州市教育局直属事业单位参加2026年广州市事业单位统一公开招聘人才第一批拟聘人员公示,https://jyj.gz.gov.cn/gk/zfxxgkml/qt/gs/rsgz/content/post_10854088.html,2026-07-09,事业编,录聘公示,2026-08-09T21:01:14+08:00,2026-08-22T09:47:35+08:00,否,待打开原文及附件核验
5108ebf50f812a8e,GD-CITY-ZHUHAI,珠海市人社局公职招考,B,珠海市,公务员/事业单位/编外,中共珠海市委老干部局关于广东省事业单位2026年集中公开招聘... 2026-06-29,https://zhrsj.zhuhai.gov.cn/zw/tzgg/gzzk/content/post_3919606.html,2026-07-09,事业编,首发/其他,2026-08-09T21:01:14+08:00,2026-08-22T09:47:35+08:00,否,待打开原文及附件核验
572d84ca6bde556b,GD-CITY-DONGGUAN,东莞市人社局公开招聘,B,东莞市,事业单位/编外,东莞市发展和改革局下属事业单位2026年公开招聘人员公示（第一批）,http://dgdp.dg.gov.cn/gkmlpt/content/4/4558/post_4558279.html,2026-07-09,事业编,录聘公示,2026-08-09T21:01:14+08:00,2026-08-09T21:01:14+08:00,否,待打开原文及附件核验
28ba02f7a83a9f73,NAT-PUBLIC-JOBS,中国公共招聘网事业单位公开招聘,A,全国/广东,事业单位,水利部南水北调规划设计管理局2026年公开招聘工作人员公告,https://www.mohrss.gov.cn/SYrlzyhshbzb/fwyd/SYkaoshizhaopin/zyhgjjgsydwgkzp/zpgg/202607/t20260707_579747.html,2026-07-08,待核实,首发/其他,2026-08-09T21:01:14+08:00,2026-08-13T10:43:48+08:00,否,待打开原文及附件核验
904c14fcdcc8d509,NAT-PUBLIC-JOBS,中国公共招聘网事业单位公开招聘,A,全国/广东,事业单位,国家文物局考古研究中心2026年公开招聘高层次人才（第二批）公告,https://www.mohrss.gov.cn/SYrlzyhshbzb/fwyd/SYkaoshizhaopin/zyhgjjgsydwgkzp/zpgg/202607/t20260707_579745.html,2026-07-08,待核实,首发/其他,2026-08-09T21:01:14+08:00,2026-08-13T10:43:48+08:00,否,待打开原文及附件核验
7a70c24565a84dca,GZ-PANYU,番禺区招考信息,B,广州市番禺区,综合招聘,关于广州市番禺区投资促进中心2026年公开招聘工作人员笔试相关工作安排的公告,http://www.panyu.gov.cn/zwgk/rsgk/zkxx/content/post_10887217.html,2026-07-08,待核实,首发/其他,2026-08-09T21:01:14+08:00,2026-08-22T09:47:35+08:00,否,待打开原文及附件核验
86b82ca8570f2fda,NAT-PUBLIC-JOBS,中国公共招聘网事业单位公开招聘,A,全国/广东,事业单位,中国地震局在京事业单位2026年度公开招聘人员公告,https://www.mohrss.gov.cn/SYrlzyhshbzb/fwyd/SYkaoshizhaopin/zyhgjjgsydwgkzp/zpgg/202607/t20260707_579743.html,2026-07-08,事业编,首发/其他,2026-08-09T21:01:14+08:00,2026-08-19T09:50:31+08:00,否,待打开原文及附件核验
85713dae448ce043,GD-CITY-DONGGUAN,东莞市人社局公开招聘,B,东莞市,事业单位/编外,东莞市文化广电旅游体育局直属事业单位2026年招聘高层次人才拟聘用人员公示,http://wglt.dg.gov.cn/xxgk/zfxxgkml/qt/tzgg/content/post_4558080.html,2026-07-08,事业编,录聘公示,2026-08-09T21:01:14+08:00,2026-08-09T21:01:14+08:00,否,待打开原文及附件核验
ec3ab71d498ad967,GD-CITY-DONGGUAN,东莞市人社局公开招聘,B,东莞市,事业单位/编外,东莞市康复医院2026年公开招聘事业编制人员公告,http://www.gddgdpf.org.cn/dgdpf/tzgg/202607/d83686cd79b04f648a28470703293a43.shtml,2026-07-08,事业编,首发/其他,2026-08-09T21:01:14+08:00,2026-08-09T21:01:14+08:00,否,待打开原文及附件核验
d54066cde7fccc10,GZ-YUEXIU,越秀区公开招考招聘公告,B,广州市越秀区,综合招聘,“百万英才汇南粤”——广州市越秀区教育局2026年上半年第二批公开招聘事业编制教师公告 2026-06-10,http://www.yuexiu.gov.cn/zwgk/rsxx/gkzkzp/zpgg/content/post_10849865.html,2026-07-08,事业编,首发/其他,2026-08-09T21:01:14+08:00,2026-08-22T09:47:35+08:00,否,待打开原文及附件核验
b29aaa18bef50547,GZ-NANSHA,南沙区招聘信息,B,广州市南沙区,综合招聘,2026年广州市南沙区人民政府珠江街道办事处公开招聘编外工作人员招聘公告,http://www.gzns.gov.cn/zwgk/zdlyxxgk/jycy/zpxx/content/post_10890424.html,2026-07-08,编外,首发/其他,2026-08-09T21:01:14+08:00,2026-08-22T09:47:35+08:00,否,待打开原文及附件核验
be4f77dc24ad5e43,GD-CITY-SHAOGUAN,韶关市人社局事业单位人事,B,韶关市,事业单位,韶关市住房和城乡建设管理局下属事业单位2026年集中公开招聘高校毕业生拟聘人员公...,https://rsj.sg.gov.cn/ywzt/rsrc/sydw/content/post_2860076.html,2026-07-07,事业编,录聘公示,2026-08-09T21:01:14+08:00,2026-08-17T09:52:59+08:00,否,待打开原文及附件核验
ef4c93f05ede8486,GZ-TIANHE,天河区人事招聘,B,广州市天河区,综合招聘,兴华街道公开招聘公益性岗位工作人员,http://www.thnet.gov.cn/thdt/tzgg/rsxx/rszp/content/post_10889977.html,2026-07-07,待核实,首发/其他,2026-08-09T21:01:14+08:00,2026-08-20T09:48:36+08:00,否,待打开原文及附件核验
dc6478786b06f616,GZ-HRSS-NOTICES,广州市人社局通知公告,B,广州市,综合,中共广州市委统战部直属事业单位2026年公开选调事业编制人员拟选调人选公示公告,https://rsj.gz.gov.cn/zwdt/tzgg/content/post_10890365.html,2026-07-07,事业编,录聘公示,2026-08-09T21:01:14+08:00,2026-08-21T09:54:58+08:00,否,待打开原文及附件核验
23551f529ccbceff,GZ-CONGHUA,从化区企事业公开招聘,B,广州市从化区,综合招聘,【区人社局】广州市事业单位2026年统一公开招聘人才从化区岗位拟聘用人员公示（第二批）,http://www.conghua.gov.cn/zwfw/ztfw/hycyqsygkzp/content/post_10890068.html,2026-07-07,事业编,录聘公示,2026-08-09T21:01:14+08:00,2026-08-22T09:47:35+08:00,否,待打开原文及附件核验
d5424b2e29e1bf38,GZ-HEALTH-NOTICES,广州市卫生健康委员会通知公告,B,广州市,事业编/医疗卫生,广州市卫生健康委员会直属事业单位广州市皮肤病医院2026年集中公开招聘高校毕业生拟聘用人员公示,http://wjw.gz.gov.cn/xxgk/tzgg/content/post_10886190.html,2026-07-06,事业编,录聘公示,2026-08-09T21:01:14+08:00,2026-08-10T10:30:49+08:00,否,待打开原文及附件核验
6ed02bc5efb79397,GZ-HEALTH-NOTICES,广州市卫生健康委员会通知公告,B,广州市,事业编/医疗卫生,广州市卫生健康委员会直属事业单位2026年第一次引进急需专业人才广州医科大学附属市八医院资格审查和考核评价时间调整的补充公告,http://wjw.gz.gov.cn/xxgk/tzgg/content/post_10889186.html,2026-07-06,事业编,补充更正,2026-08-09T21:01:14+08:00,2026-08-12T10:40:56+08:00,否,待打开原文及附件核验
6fa149109cc59bb5,GZ-NANSHA,南沙区招聘信息,B,广州市南沙区,综合招聘,广州市公安局南沙分局公开招聘警务辅助人员的公告,http://www.gzns.gov.cn/zwgk/zdlyxxgk/jycy/zpxx/content/post_10889214.html,2026-07-06,编外,首发/其他,2026-08-09T21:01:14+08:00,2026-08-22T09:47:35+08:00,否,待打开原文及附件核验
63439f93fac2a0e6,GZ-TIANHE,天河区人事招聘,B,广州市天河区,综合招聘,广东省2026年考试录用公务员广州市天河区职位拟录用人员公示（第四批）,http://www.thnet.gov.cn/thdt/tzgg/rsxx/rszp/content/post_10879445.html,2026-07-06,公务员,录聘公示,2026-08-09T21:01:14+08:00,2026-08-18T09:48:19+08:00,否,待打开原文及附件核验
be730334751b1c3f,GZ-CONGHUA,从化区企事业公开招聘,B,广州市从化区,综合招聘,【区人社局】广州市事业单位2026年统一公开招聘人才从化区岗位拟聘用人员公示（第一批）,http://www.conghua.gov.cn/zwfw/ztfw/hycyqsygkzp/content/post_10876334.html,2026-07-06,事业编,录聘公示,2026-08-09T21:01:14+08:00,2026-08-22T09:47:35+08:00,否,待打开原文及附件核验
3d5f5ad34f3878eb,GZ-CONGHUA,从化区企事业公开招聘,B,广州市从化区,综合招聘,【区人社局】广东省事业单位2026年集中公开招聘高校毕业生广州市从化区拟聘用人员公示（第二...,http://www.conghua.gov.cn/zwfw/ztfw/hycyqsygkzp/content/post_10890053.html,2026-07-06,事业编,录聘公示,2026-08-09T21:01:14+08:00,2026-08-22T09:47:35+08:00,否,待打开原文及附件核验
6717c7c3262aaf4d,GZ-CONGHUA,从化区企事业公开招聘,B,广州市从化区,综合招聘,【区人社局】“百万英才汇南粤”-2026年广州市从化区事业单位赴北京公开招聘高校毕业生拟聘...,http://www.conghua.gov.cn/zwfw/ztfw/hycyqsygkzp/content/post_10890037.html,2026-07-06,事业编,首发/其他,2026-08-09T21:01:14+08:00,2026-08-22T09:47:35+08:00,否,待打开原文及附件核验
233be66daedcc3c7,GZ-NANSHA,南沙区招聘信息,B,广州市南沙区,综合招聘,2026年广州市南沙区事业单位第一批公开招聘高校毕业生拟聘人员公示（第二批）,http://www.gzns.gov.cn/zwgk/zdlyxxgk/jycy/zpxx/content/post_10876117.html,2026-07-06,事业编,录聘公示,2026-08-09T21:01:14+08:00,2026-08-22T09:47:35+08:00,否,待打开原文及附件核验
7632981ae9fe17c3,GZ-NANSHA,南沙区招聘信息,B,广州市南沙区,综合招聘,2026年广东省事业单位（南沙考区）集中公开招聘拟聘人员公示（第二批）,http://www.gzns.gov.cn/zwgk/zdlyxxgk/jycy/zpxx/content/post_10888724.html,2026-07-06,事业编,录聘公示,2026-08-09T21:01:14+08:00,2026-08-22T09:47:35+08:00,否,待打开原文及附件核验
fff398d826d7f8de,GD-CITY-CHAOZHOU,潮州市人社局通知公告,B,潮州市,公务员/事业单位/编外,广东省事业单位2026年集中公开招聘高校毕业生潮州日报社拟聘用人员公示 2026-07-03,https://www.chaozhou.gov.cn/zwgk/szfgz/srlzy/tzgg/content/post_3997091.html,2026-07-03,事业编,录聘公示,2026-08-09T21:01:14+08:00,2026-08-09T21:01:14+08:00,否,待打开原文及附件核验
5a8f9347edd78ce3,GD-CITY-CHAOZHOU,潮州市人社局通知公告,B,潮州市,公务员/事业单位/编外,广东省事业单位2026年集中公开招聘高校毕业生潮州市卫生健康局属下事业单位拟聘用人员公示（第一批） 2026-07-03,https://www.chaozhou.gov.cn/zwgk/szfgz/srlzy/tzgg/content/post_3997080.html,2026-07-03,事业编,录聘公示,2026-08-09T21:01:14+08:00,2026-08-09T21:01:14+08:00,否,待打开原文及附件核验
40a091665672df2c,GZ-PANYU,番禺区招考信息,B,广州市番禺区,综合招聘,广东省事业单位2026年集中公开招聘高校毕业生广州市番禺区属事业单位拟聘用人员名单公示（第二批）,http://www.panyu.gov.cn/zwgk/rsgk/zkxx/content/post_10883400.html,2026-07-03,事业编,录聘公示,2026-08-09T21:01:14+08:00,2026-08-22T09:47:35+08:00,否,待打开原文及附件核验
7da5eddcb74be33b,GD-CITY-SHAOGUAN,韶关市人社局事业单位人事,B,韶关市,事业单位,“百万英才汇南粤”——韶关市教育局直属学校2026年面向社会公开招聘教职员公告,https://rsj.sg.gov.cn/ywzt/rsrc/sydw/content/post_2859436.html,2026-07-03,待核实,首发/其他,2026-08-09T21:01:14+08:00,2026-08-13T10:43:48+08:00,否,待打开原文及附件核验
a6b496933f7f220f,GD-CITY-JIANGMEN,江门市人社局事业单位公开招聘,B,江门市,公务员/事业单位/编外,江门市人力资源和社会保障局属下事业单位2026年集中公开招聘高校毕业生拟聘用人员公示,http://www.jiangmen.gov.cn/bmpd/jmsrlzyhshbzj/sylm/rsks/syks/content/post_3514737.html,2026-07-02,事业编,录聘公示,2026-08-09T21:01:14+08:00,2026-08-22T09:47:35+08:00,否,待打开原文及附件核验
3cc4635619a15f3e,GD-CITY-SHANTOU,汕头市人社局事业单位招聘信息,B,汕头市,事业单位,汕头市融媒中心参加广东省事业单位2026年集中公开招聘高校毕业生拟聘用人员（第一批）公示,https://www.shantou.gov.cn/stsrlzyhshbzj/ztzl/sydwrsgl/zpxx/content/post_2549441.html,2026-07-02,事业编,录聘公示,2026-08-09T21:01:14+08:00,2026-08-22T09:47:35+08:00,否,待打开原文及附件核验
4e839580ae4dfa1d,GZ-PANYU,番禺区招考信息,B,广州市番禺区,综合招聘,广州市番禺区教育局2026年公开招聘事业编制教师拟聘用人员公示（第一批）,http://www.panyu.gov.cn/zwgk/rsgk/zkxx/content/post_10878831.html,2026-07-02,事业编,录聘公示,2026-08-09T21:01:14+08:00,2026-08-22T09:47:35+08:00,否,待打开原文及附件核验
cd2469da1b3aa418,GD-CITY-DONGGUAN,东莞市人社局公开招聘,B,东莞市,事业单位/编外,东莞理工学院2026年公开招聘专职辅导员公告,https://rs.dgut.edu.cn/info/1016/8003.htm,2026-07-02,待核实,首发/其他,2026-08-09T21:01:14+08:00,2026-08-09T21:01:14+08:00,否,待打开原文及附件核验
a4e2d1fab53d9a08,GD-CITY-JIANGMEN,江门市人社局事业单位公开招聘,B,江门市,公务员/事业单位/编外,2026年春季学期江门市直教育系统事业单位公开招聘工作人员公告,http://www.jiangmen.gov.cn/bmpd/jmsrlzyhshbzj/sylm/rsks/syks/content/post_3504588.html,2026-07-02,事业编,首发/其他,2026-08-09T21:01:14+08:00,2026-08-22T09:47:35+08:00,否,待打开原文及附件核验
2edd8ab27c9a19b8,GD-CITY-SHAOGUAN,韶关市人社局事业单位人事,B,韶关市,事业单位,韶关市政务服务和数据管理局下属事业单位2026年集中公开招聘高校毕业生拟聘人员公...,https://rsj.sg.gov.cn/ywzt/rsrc/sydw/content/post_2858722.html,2026-07-01,事业编,录聘公示,2026-08-09T21:01:14+08:00,2026-08-10T10:30:49+08:00,否,待打开原文及附件核验
b9ecf578433af890,GD-CITY-SHANTOU,汕头市人社局事业单位招聘信息,B,汕头市,事业单位,汕头市文化广电旅游体育局下属事业单位参加广东省事业单位2026年集中公开招聘高校毕业生拟聘用人员（第二批）公示,https://www.shantou.gov.cn/stsrlzyhshbzj/ztzl/sydwrsgl/zpxx/content/post_2548971.html,2026-07-01,事业编,录聘公示,2026-08-09T21:01:14+08:00,2026-08-22T09:47:35+08:00,否,待打开原文及附件核验
fc28413c50dd5a1e,GD-CITY-HEYUAN,河源市人社局公告公示,B,河源市,公务员/事业单位/编外,广东省事业单位2026年集中公开招聘高校毕业生（市民政局直属事业单位）拟聘用人员...,http://www.heyuan.gov.cn/bmjy/hysrlzyhshbzj/gggs/content/post_707955.html,2026-07-01,事业编,录聘公示,2026-08-09T21:01:14+08:00,2026-08-11T19:02:44+08:00,否,待打开原文及附件核验
00f49d1487138b86,GD-CITY-HEYUAN,河源市人社局公告公示,B,河源市,公务员/事业单位/编外,广东省事业单位2026年集中公开招聘高校毕业生(市生态环境局下属事业单位)拟聘用...,http://www.heyuan.gov.cn/bmjy/hysrlzyhshbzj/gggs/content/post_707954.html,2026-07-01,事业编,录聘公示,2026-08-09T21:01:14+08:00,2026-08-11T19:02:44+08:00,否,待打开原文及附件核验
cb1b32c45161d1e7,GD-CITY-FOSHAN,佛山市人社局机关事业单位招录,B,佛山市,公务员/事业单位/编外,佛山高新技术产业开发区管理委员会公开招聘佛山市火炬服务中心工作人员公告,https://hrss.foshan.gov.cn/zwgk/jgsydwzl/content/post_7184528.html,2026-07-01,待核实,首发/其他,2026-08-09T21:01:14+08:00,2026-08-09T21:01:14+08:00,否,待打开原文及附件核验
2476ad54bbbd8e74,GD-CITY-FOSHAN,佛山市人社局机关事业单位招录,B,佛山市,公务员/事业单位/编外,佛山市中医院2026年度公开招聘事业单位工作人员（第二批）公告,https://hrss.foshan.gov.cn/zwgk/jgsydwzl/content/post_7184155.html,2026-07-01,事业编,首发/其他,2026-08-09T21:01:14+08:00,2026-08-09T21:01:14+08:00,否,待打开原文及附件核验
a0ebe7a5cbd204f1,GD-CITY-SHANTOU,汕头市人社局事业单位招聘信息,B,汕头市,事业单位,汕头市自然资源局下属汕头市自然资源利用服务中心、汕头市自然资源档案馆参加广东省事业单位2026年集中公开招聘高校毕业生拟聘用人员公示,https://www.shantou.gov.cn/stsrlzyhshbzj/ztzl/sydwrsgl/zpxx/content/post_2548963.html,2026-06-30,事业编,录聘公示,2026-08-09T21:01:14+08:00,2026-08-22T09:47:35+08:00,否,待打开原文及附件核验
d43da9e44150428a,GD-CITY-SHANTOU,汕头市人社局事业单位招聘信息,B,汕头市,事业单位,汕头市委军民融合办下属汕头市人防指挥信息保障中心、汕头市市直民兵武器装备管理所等2家事业单位参加广东省事业单位2026年集中公开招聘高校毕业生拟聘用人员公示,https://www.shantou.gov.cn/stsrlzyhshbzj/ztzl/sydwrsgl/zpxx/content/post_2548120.html,2026-06-30,事业编,录聘公示,2026-08-09T21:01:14+08:00,2026-08-22T09:47:35+08:00,否,待打开原文及附件核验
823e070006e535d5,GZ-TIANHE,天河区人事招聘,B,广州市天河区,综合招聘,棠下街道综合事务中心关于公开招聘环卫工作人员的公告,http://www.thnet.gov.cn/thdt/tzgg/rsxx/rszp/content/post_10872649.html,2026-06-30,待核实,首发/其他,2026-08-09T21:01:14+08:00,2026-08-14T10:42:03+08:00,否,待打开原文及附件核验
3fdd0709bce54323,GZ-ZENGCHENG,增城区事业单位招聘,B,广州市增城区,事业单位,广州市生态环境局增城分局2026年度6-7月公开招聘编外人员面试安排公告,https://www.zc.gov.cn/gk/rsgz/dwzp/ http:/www.zc.gov.cn/gk/rsgz/dwzp/content/post_10874795.html,2026-06-30,编外,面试,2026-08-09T21:01:14+08:00,2026-08-09T21:01:14+08:00,否,待打开原文及附件核验
f072d66ff4d84284,GZ-PANYU,番禺区招考信息,B,广州市番禺区,综合招聘,广东省2026年考试录用公务员广州市番禺区职位拟录用人员公示（第三批）,http://www.panyu.gov.cn/zwgk/rsgk/zkxx/content/post_10876938.html,2026-06-30,公务员,录聘公示,2026-08-09T21:01:14+08:00,2026-08-22T09:47:35+08:00,否,待打开原文及附件核验
491a4d04fc7b70ec,GD-CITY-FOSHAN,佛山市人社局机关事业单位招录,B,佛山市,公务员/事业单位/编外,佛山市第四人民医院2026年公开招聘高层次人才公告,https://hrss.foshan.gov.cn/zwgk/jgsydwzl/content/post_7179292.html,2026-06-30,待核实,首发/其他,2026-08-09T21:01:14+08:00,2026-08-09T21:01:14+08:00,否,待打开原文及附件核验
501d5d89f8ac674d,GZ-PANYU,番禺区招考信息,B,广州市番禺区,综合招聘,广州市番禺区投资促进中心2026年公开招聘工作人员公告,http://www.panyu.gov.cn/zwgk/rsgk/zkxx/content/post_10858894.html,2026-06-29,待核实,首发/其他,2026-08-09T21:01:14+08:00,2026-08-22T09:47:35+08:00,否,待打开原文及附件核验
25068f718f45ec8b,GZ-NANSHA,南沙区招聘信息,B,广州市南沙区,综合招聘,广东省2026年考试录用公务员广州市南沙区职位拟录用人员公示（第五批）,http://www.gzns.gov.cn/zwgk/zdlyxxgk/jycy/zpxx/content/post_10868306.html,2026-06-29,公务员,录聘公示,2026-08-09T21:01:14+08:00,2026-08-22T09:47:35+08:00,否,待打开原文及附件核验
98c477414ee3cb01,GZ-CONGHUA,从化区企事业公开招聘,B,广州市从化区,综合招聘,【区人社局】广东省事业单位2026年集中公开招聘高校毕业生广州市从化区拟聘用人员公示（第一...,http://www.conghua.gov.cn/zwfw/ztfw/hycyqsygkzp/content/post_10870435.html,2026-06-29,事业编,录聘公示,2026-08-09T21:01:14+08:00,2026-08-22T09:47:35+08:00,否,待打开原文及附件核验
6f096b966864a4f7,GD-CITY-SHANWEI,汕尾市人社局事业单位招聘,B,汕尾市,事业单位,2026年汕尾市公开招聘干部储备人才（中共汕尾市委党校招聘岗位）直接业务考核公告,http://www.shanwei.gov.cn/swrsj/ztzl/rsks/sydwzp/content/post_1257903.html,2026-06-29,待核实,首发/其他,2026-08-09T21:01:14+08:00,2026-08-22T09:47:35+08:00,否,待打开原文及附件核验
e94eff7a87d78286,GZ-NANSHA,南沙区招聘信息,B,广州市南沙区,综合招聘,2026年广州市南沙区事业单位公开招聘博士研究生拟聘人员公示（第一批）,http://www.gzns.gov.cn/zwgk/zdlyxxgk/jycy/zpxx/content/post_10876112.html,2026-06-29,事业编,录聘公示,2026-08-09T21:01:14+08:00,2026-08-22T09:47:35+08:00,否,待打开原文及附件核验
47ef41336b9e8070,GD-CITY-SHANTOU,汕头市人社局事业单位招聘信息,B,汕头市,事业单位,汕头市住房和城乡建设局下属汕头市金平房屋管理所、汕头市住房公积金管理中心参加广东省事业单位2026年集中公开招聘高校毕业生拟聘用人员公示,https://www.shantou.gov.cn/stsrlzyhshbzj/ztzl/sydwrsgl/zpxx/content/post_2547486.html,2026-06-26,事业编,录聘公示,2026-08-09T21:01:14+08:00,2026-08-19T09:50:31+08:00,否,待打开原文及附件核验
1133d8f285d893c7,GD-CITY-SHANTOU,汕头市人社局事业单位招聘信息,B,汕头市,事业单位,汕头市交通运输局下属汕头市港航事务中心下属汕头港公共设施管理站参加广东省事业单位2026年集中公开招聘高校毕业生拟聘用人员公示,https://www.shantou.gov.cn/stsrlzyhshbzj/ztzl/sydwrsgl/zpxx/content/post_2547996.html,2026-06-26,事业编,录聘公示,2026-08-09T21:01:14+08:00,2026-08-19T09:50:31+08:00,否,待打开原文及附件核验
17b41bd3d392f529,GZ-SASAC-NOTICES,广州市国资委通知公告,B,广州市,国企/事业单位,广州市国资委直属事业单位2026年引进急需人才笔试有关事项公告,https://gzw.gz.gov.cn/xw/tzgg/content/post_10842811.html,2026-06-26,事业编,首发/其他,2026-08-09T21:01:14+08:00,2026-08-22T09:47:35+08:00,否,待打开原文及附件核验
b031eb37dfd0ec80,GD-CITY-SHANWEI,汕尾市人社局事业单位招聘,B,汕尾市,事业单位,汕尾市人民医院公开招聘事业单位工作人员（2026年临床医师第三批）公告,http://www.shanwei.gov.cn/swrsj/ztzl/rsks/sydwzp/content/post_1256927.html,2026-06-25,事业编,首发/其他,2026-08-09T21:01:14+08:00,2026-08-22T09:47:35+08:00,否,待打开原文及附件核验
dc653e82d7cffe9d,GZ-TIANHE,天河区人事招聘,B,广州市天河区,综合招聘,天河区黄村街道综合事务中心公开招聘编外环卫保洁工作人员的公告,http://www.thnet.gov.cn/thdt/tzgg/rsxx/rszp/content/post_10872261.html,2026-06-25,编外,首发/其他,2026-08-09T21:01:14+08:00,2026-08-14T10:42:03+08:00,否,待打开原文及附件核验
9e2fc16dbec4746f,GZ-TIANHE,天河区人事招聘,B,广州市天河区,综合招聘,天河区城市管理第一保洁所关于公开招聘环卫一线工作人员的公告,http://www.thnet.gov.cn/thdt/tzgg/rsxx/rszp/content/post_10867679.html,2026-06-25,待核实,首发/其他,2026-08-09T21:01:14+08:00,2026-08-10T10:30:49+08:00,否,待打开原文及附件核验
9d92a983142b9150,GZ-ZENGCHENG,增城区事业单位招聘,B,广州市增城区,事业单位,2026年广州市增城区仙村镇人民政府公开招聘聘员总成绩及体检安排公告,https://www.zc.gov.cn/gk/rsgz/dwzp/ http:/www.zc.gov.cn/gk/rsgz/dwzp/content/post_10865038.html,2026-06-25,待核实,体检考察,2026-08-09T21:01:14+08:00,2026-08-09T21:01:14+08:00,否,待打开原文及附件核验
6916e3e854d55548,GD-CITY-ZHUHAI,珠海市人社局公职招考,B,珠海市,公务员/事业单位/编外,珠海市北京师范大学香山中学2026年夏季面向社会公开招聘事业... 2026-06-24,https://zhrsj.zhuhai.gov.cn/zw/tzgg/gzzk/content/post_3918384.html,2026-06-24,待核实,首发/其他,2026-08-09T21:01:14+08:00,2026-08-22T09:47:35+08:00,否,待打开原文及附件核验
0a427dcae9de10d0,GD-CITY-ZHUHAI,珠海市人社局公职招考,B,珠海市,公务员/事业单位/编外,中共珠海市委党校2026年招聘教师拟聘人员公示 2026-06-23,https://zhrsj.zhuhai.gov.cn/zw/tzgg/gzzk/content/post_3917963.html,2026-06-24,待核实,录聘公示,2026-08-09T21:01:14+08:00,2026-08-22T09:47:35+08:00,否,待打开原文及附件核验
ce1f317361fb4151,GD-CITY-DONGGUAN,东莞市人社局公开招聘,B,东莞市,事业单位/编外,东莞职业技术学院2026年公开招聘事业编制专职辅导员的公告,https://rsc.dgpt.edu.cn/info/1007/1558.htm,2026-06-24,事业编,首发/其他,2026-08-09T21:01:14+08:00,2026-08-09T21:01:14+08:00,否,待打开原文及附件核验
86ee8425bfc9d0d5,GD-CITY-DONGGUAN,东莞市人社局公开招聘,B,东莞市,事业单位/编外,东莞市财政投资审核办公室2026年公开招聘编外聘用人员拟聘人员公示,http://czj.dg.gov.cn/tzgg/content/post_4552889.html,2026-06-24,编外,录聘公示,2026-08-09T21:01:14+08:00,2026-08-09T21:01:14+08:00,否,待打开原文及附件核验
b89f49862878534e,GD-CITY-DONGGUAN,东莞市人社局公开招聘,B,东莞市,事业单位/编外,东莞市自然资源局2026年公开招聘编外聘用人员递补拟聘人员公示,http://nr.dg.gov.cn/gkmlpt/content/4/4552/post_4552859.html,2026-06-24,编外,录聘公示,2026-08-09T21:01:14+08:00,2026-08-09T21:01:14+08:00,否,待打开原文及附件核验
cda24c96dc4152a0,GZ-CONGHUA,从化区企事业公开招聘,B,广州市从化区,综合招聘,【区人社局】广东省事业单位2026年集中公开招聘高校毕业生广州市从化区岗位进入体检人员名单...,http://www.conghua.gov.cn/zwfw/ztfw/hycyqsygkzp/content/post_10816627.html,2026-06-24,事业编,体检考察,2026-08-09T21:01:14+08:00,2026-08-22T09:47:35+08:00,否,待打开原文及附件核验
097aabb52485d14b,GZ-CONGHUA,从化区企事业公开招聘,B,广州市从化区,综合招聘,【区人社局】“百万英才汇南粤”-2026年广州市从化区事业单位赴北京公开招聘高校毕业生拟聘...,http://www.conghua.gov.cn/zwfw/ztfw/hycyqsygkzp/content/post_10870420.html,2026-06-24,事业编,首发/其他,2026-08-09T21:01:14+08:00,2026-08-22T09:47:35+08:00,否,待打开原文及附件核验
758ea95f281bb448,GZ-TIANHE,天河区人事招聘,B,广州市天河区,综合招聘,广州市天河区员村街道综合事务中心公开招聘环卫工人的公告,http://www.thnet.gov.cn/thdt/tzgg/rsxx/rszp/content/post_10864407.html,2026-06-23,待核实,首发/其他,2026-08-09T21:01:14+08:00,2026-08-10T10:30:49+08:00,否,待打开原文及附件核验
4f4b091d075045cd,GZ-NANSHA,南沙区招聘信息,B,广州市南沙区,综合招聘,广东省2026年选调生广州市南沙区职位拟录用人员公示（第三批）,http://www.gzns.gov.cn/zwgk/zdlyxxgk/jycy/zpxx/content/post_10868309.html,2026-06-23,选调生,录聘公示,2026-08-09T21:01:14+08:00,2026-08-22T09:47:35+08:00,否,待打开原文及附件核验
581fdcd461903d0c,GD-CITY-FOSHAN,佛山市人社局机关事业单位招录,B,佛山市,公务员/事业单位/编外,佛山市第四人民医院2026年公开招聘事业单位工作人员公告,https://hrss.foshan.gov.cn/zwgk/jgsydwzl/content/post_7179288.html,2026-06-23,事业编,首发/其他,2026-08-09T21:01:14+08:00,2026-08-09T21:01:14+08:00,否,待打开原文及附件核验
47335059c9c6856c,GD-CITY-FOSHAN,佛山市人社局机关事业单位招录,B,佛山市,公务员/事业单位/编外,佛山市中医院2026年度公开招聘事业单位工作人员公告,https://hrss.foshan.gov.cn/zwgk/jgsydwzl/content/post_7178679.html,2026-06-23,事业编,首发/其他,2026-08-09T21:01:14+08:00,2026-08-09T21:01:14+08:00,否,待打开原文及附件核验
2afe10ec159a3088,GD-CITY-ZHUHAI,珠海市人社局公职招考,B,珠海市,公务员/事业单位/编外,2026年度珠海市干部队伍储备人才公开选聘拟聘用人选（第一批... 2026-06-12,https://zhrsj.zhuhai.gov.cn/zw/tzgg/gzzk/content/post_3914368.html,2026-06-23,待核实,录聘公示,2026-08-09T21:01:14+08:00,2026-08-22T09:47:35+08:00,否,待打开原文及附件核验
ab6376bbe8565aca,GZ-ZENGCHENG,增城区事业单位招聘,B,广州市增城区,事业单位,2026年广州市增城区卫生健康局下属事业单位公开招聘工作人员总成绩及体检公告,https://www.zc.gov.cn/gk/rsgz/dwzp/ http:/www.zc.gov.cn/gk/rsgz/dwzp/content/post_10859642.html,2026-06-23,事业编,体检考察,2026-08-09T21:01:14+08:00,2026-08-09T21:01:14+08:00,否,待打开原文及附件核验
def29cb58f006109,GZ-NANSHA,南沙区招聘信息,B,广州市南沙区,综合招聘,2025年广州市南沙区事业单位校园招聘拟聘人员公示（第三批）,http://www.gzns.gov.cn/zwgk/zdlyxxgk/jycy/zpxx/content/post_10853271.html,2026-06-23,事业编,录聘公示,2026-08-09T21:01:14+08:00,2026-08-22T09:47:35+08:00,否,待打开原文及附件核验
ec4c65971fc4771a,GD-CITY-FOSHAN,佛山市人社局机关事业单位招录,B,佛山市,公务员/事业单位/编外,佛山市第一人民医院2026年上半年公开招聘事业单位工作人员公告,https://hrss.foshan.gov.cn/zwgk/jgsydwzl/content/post_7173272.html,2026-06-22,事业编,首发/其他,2026-08-09T21:01:14+08:00,2026-08-09T21:01:14+08:00,否,待打开原文及附件核验
8b04098b7387a08a,GD-CITY-FOSHAN,佛山市人社局机关事业单位招录,B,佛山市,公务员/事业单位/编外,佛山市中医院2026年度公开招聘高层次人才（第二批）公告,https://hrss.foshan.gov.cn/zwgk/jgsydwzl/content/post_7178667.html,2026-06-22,待核实,首发/其他,2026-08-09T21:01:14+08:00,2026-08-09T21:01:14+08:00,否,待打开原文及附件核验
e6c60bcc8e0c161e,GD-CITY-SHANWEI,汕尾市人社局事业单位招聘,B,汕尾市,事业单位,【百万英才汇南粤】2026年汕尾市市直学校公开招聘教师（第二批）公告,http://www.shanwei.gov.cn/swrsj/ztzl/rsks/sydwzp/content/post_1255856.html,2026-06-18,待核实,首发/其他,2026-08-09T21:01:14+08:00,2026-08-22T09:47:35+08:00,否,待打开原文及附件核验
504eaf4b10d64df4,GZ-ZENGCHENG,增城区事业单位招聘,B,广州市增城区,事业单位,“粤聚英才·粤见未来”广州市增城区卫生健康局下属事业单位公开招聘工作人员拟聘用人员公示（第一批）,https://www.zc.gov.cn/gk/rsgz/dwzp/ http:/www.zc.gov.cn/gk/rsgz/dwzp/content/post_10859402.html,2026-06-17,事业编,录聘公示,2026-08-09T21:01:14+08:00,2026-08-09T21:01:14+08:00,否,待打开原文及附件核验
f92be4529473f81f,GZ-ZENGCHENG,增城区事业单位招聘,B,广州市增城区,事业单位,2026年广州市增城区仙村镇人民政府公开招聘聘员笔试成绩公布和面试公告,https://www.zc.gov.cn/gk/rsgz/dwzp/ http:/www.zc.gov.cn/gk/rsgz/dwzp/content/post_10848981.html,2026-06-17,待核实,面试,2026-08-09T21:01:14+08:00,2026-08-09T21:01:14+08:00,否,待打开原文及附件核验
22329f7643533edd,GZ-PANYU,番禺区招考信息,B,广州市番禺区,综合招聘,2025年下半年广州市教育系统校园招聘“优才计划”番禺区教育局拟聘用递补人员公示（第二批）,http://www.panyu.gov.cn/zwgk/rsgk/zkxx/content/post_10854108.html,2026-06-17,待核实,录聘公示,2026-08-09T21:01:14+08:00,2026-08-22T09:47:35+08:00,否,待打开原文及附件核验
019c29a9e0b8f7ce,GD-CITY-SHANWEI,汕尾市人社局事业单位招聘,B,汕尾市,事业单位,2026年汕尾市公开招聘干部储备人才资格审核公告,http://www.shanwei.gov.cn/swrsj/ztzl/rsks/sydwzp/content/post_1254999.html,2026-06-16,待核实,资格复审,2026-08-09T21:01:14+08:00,2026-08-22T09:47:35+08:00,否,待打开原文及附件核验
567b990e0628d7ee,GD-CITY-DONGGUAN,东莞市人社局公开招聘,B,东莞市,事业单位/编外,东莞职业技术学院2026年公开招聘事业编制高层次人才公告,https://rsc.dgpt.edu.cn/info/1007/1557.htm,2026-06-15,事业编,首发/其他,2026-08-09T21:01:14+08:00,2026-08-09T21:01:14+08:00,否,待打开原文及附件核验
44e70b477a01d339,GD-CITY-DONGGUAN,东莞市人社局公开招聘,B,东莞市,事业单位/编外,东莞市林业局下属事业单位2026年公开招聘拟聘用人员公示,http://lyj.dg.gov.cn/tzgg/content/post_4548429.html,2026-06-15,事业编,录聘公示,2026-08-09T21:01:14+08:00,2026-08-09T21:01:14+08:00,否,待打开原文及附件核验
a486d16c068fcdeb,GD-CITY-ZHUHAI,珠海市人社局公职招考,B,珠海市,公务员/事业单位/编外,珠海市技师学院关于广东省事业单位2026年集中公开招聘高校毕... 2026-06-05,https://zhrsj.zhuhai.gov.cn/zw/tzgg/gzzk/content/post_3912442.html,2026-06-12,事业编,首发/其他,2026-08-09T21:01:14+08:00,2026-08-22T09:47:35+08:00,否,待打开原文及附件核验
77668b8fa0ab101c,GZ-EDU-HR,广州市教育局人事工作,B,广州市,事业编/教师,广州市教育局直属事业单位广州卫生职业技术学院2025年第一次公开招聘教职员第四批拟聘人员公示,https://jyj.gz.gov.cn/gk/zfxxgkml/qt/gs/rsgz/content/post_10817614.html,2026-06-12,事业编,录聘公示,2026-08-09T21:01:14+08:00,2026-08-22T09:47:35+08:00,否,待打开原文及附件核验
c9067aba0dc4a900,GZ-EDU-HR,广州市教育局人事工作,B,广州市,事业编/教师,广州市教育局直属事业单位2026年第一次公开招聘教师第一批拟聘用人员公示,https://jyj.gz.gov.cn/gk/zfxxgkml/qt/gs/rsgz/content/post_10854074.html,2026-06-12,事业编,录聘公示,2026-08-09T21:01:14+08:00,2026-08-22T09:47:35+08:00,否,待打开原文及附件核验
11dfa247f97fb19c,GZ-PANYU,番禺区招考信息,B,广州市番禺区,综合招聘,广东省事业单位2026年集中公开招聘高校毕业生广州市番禺区属事业单位拟聘用人员名单公示（第一批）,http://www.panyu.gov.cn/zwgk/rsgk/zkxx/content/post_10841577.html,2026-06-12,事业编,录聘公示,2026-08-09T21:01:14+08:00,2026-08-22T09:47:35+08:00,否,待打开原文及附件核验
25ba49afcf18fa56,GZ-NANSHA,南沙区招聘信息,B,广州市南沙区,综合招聘,广东省2026年选调生广州市南沙区职位拟录用人员公示（第二批）,http://www.gzns.gov.cn/zwgk/zdlyxxgk/jycy/zpxx/content/post_10846676.html,2026-06-12,选调生,录聘公示,2026-08-09T21:01:14+08:00,2026-08-22T09:47:35+08:00,否,待打开原文及附件核验
8796d2ab8b345261,GZ-PANYU,番禺区招考信息,B,广州市番禺区,综合招聘,2025年广州市番禺区教育系统校园招聘“优才计划”拟聘用递补人员公示（第一批）,http://www.panyu.gov.cn/zwgk/rsgk/zkxx/content/post_10854104.html,2026-06-12,待核实,录聘公示,2026-08-09T21:01:14+08:00,2026-08-22T09:47:35+08:00,否,待打开原文及附件核验
6f498c2ae1fe677c,GD-CITY-FOSHAN,佛山市人社局机关事业单位招录,B,佛山市,公务员/事业单位/编外,佛山大学2026年面向全球公开招聘学院院长公告,https://hrss.foshan.gov.cn/zwgk/jgsydwzl/content/post_7172431.html,2026-06-11,待核实,首发/其他,2026-08-09T21:01:14+08:00,2026-08-09T21:01:14+08:00,否,待打开原文及附件核验
e4b00ab11d6b06d9,GD-CITY-DONGGUAN,东莞市人社局公开招聘,B,东莞市,事业单位/编外,东莞市审计局2026年公开招聘编外聘用人员拟聘人员公示,http://audit.dg.gov.cn/sjdt/tzgg/content/post_4547972.html,2026-06-11,编外,录聘公示,2026-08-09T21:01:14+08:00,2026-08-09T21:01:14+08:00,否,待打开原文及附件核验
652206569c4bf63c,GZ-YUEXIU,越秀区公开招考招聘公告,B,广州市越秀区,综合招聘,流花街2026年公开招聘辅助人员公告 2026-06-04,http://www.yuexiu.gov.cn/zwgk/rsxx/gkzkzp/zpgg/content/post_10840947.html,2026-06-10,编外,首发/其他,2026-08-09T21:01:14+08:00,2026-08-22T09:47:35+08:00,否,待打开原文及附件核验
dc1834ff7d9eba69,GD-CITY-JIANGMEN,江门市人社局事业单位公开招聘,B,江门市,公务员/事业单位/编外,江门市妇幼保健院2026年公开招聘第一批高层次和急需紧缺人才公告,http://www.jiangmen.gov.cn/bmpd/jmsrlzyhshbzj/sylm/rsks/syks/content/post_3499220.html,2026-06-10,待核实,首发/其他,2026-08-09T21:01:14+08:00,2026-08-22T09:47:35+08:00,否,待打开原文及附件核验
ece78ebbb3cb4187,GZ-HRSS-INST-NOTICES,广州市事业单位招聘公告专栏,A,广州市,事业单位,广州市人力资源和社会保障局系统事业单位2026年第一次公开招聘事业编制人员取消或调整部分招聘岗位的公告,https://rsj.gz.gov.cn/ywzt/rszdgg/sydwgkzp/sydwzpgg/content/post_10846377.html,2026-06-10,事业编,取消暂停/时间变更,2026-08-09T21:01:14+08:00,2026-08-22T09:47:35+08:00,否,待打开原文及附件核验
05462375f86de986,GD-CITY-FOSHAN,佛山市人社局机关事业单位招录,B,佛山市,公务员/事业单位/编外,佛山市第三人民医院（佛山市精神卫生中心）2026年公开招聘工作人员公告,https://hrss.foshan.gov.cn/zwgk/jgsydwzl/content/post_7163944.html,2026-06-10,待核实,首发/其他,2026-08-09T21:01:14+08:00,2026-08-09T21:01:14+08:00,否,待打开原文及附件核验
a296eaace5819d68,GD-CITY-DONGGUAN,东莞市人社局公开招聘,B,东莞市,事业单位/编外,东莞广播电视台2026年公开招聘人员公告,https://z.sun0769.com/classInfo_1/syxx/202606/t20260609_16433641.shtml,2026-06-10,待核实,首发/其他,2026-08-09T21:01:14+08:00,2026-08-09T21:01:14+08:00,否,待打开原文及附件核验
8afcbd32036ddd9f,GZ-ZENGCHENG,增城区事业单位招聘,B,广州市增城区,事业单位,2026年广州市增城区卫生健康局下属事业单位公开招聘工作人员面试有关事项通知,https://www.zc.gov.cn/gk/rsgz/dwzp/ http:/www.zc.gov.cn/gk/rsgz/dwzp/content/post_10847695.html,2026-06-10,事业编,面试,2026-08-09T21:01:14+08:00,2026-08-09T21:01:14+08:00,否,待打开原文及附件核验
dd776dd17aa4ddb9,GZ-ZENGCHENG,增城区事业单位招聘,B,广州市增城区,事业单位,广州市生态环境局增城分局2026年度6-7月公开招聘编外人员公告,https://www.zc.gov.cn/gk/rsgz/dwzp/ http:/www.zc.gov.cn/gk/rsgz/dwzp/content/post_10871815.html,2026-06-09,编外,首发/其他,2026-08-09T21:01:14+08:00,2026-08-09T21:01:14+08:00,否,待打开原文及附件核验
197c1b3d639044e4,GZ-HRSS-CIVIL,广州市人社局公务员考录,A,广州市,公务员/选调生,中共广州市委办公厅关于取消档案岗位公开选调的公告,https://rsj.gz.gov.cn/ywzt/rszdgg/gwykl/content/post_10847046.html,2026-06-09,待核实,取消暂停/时间变更,2026-08-09T21:01:14+08:00,2026-08-22T09:47:35+08:00,否,待打开原文及附件核验
87a74cb51e078ece,GZ-HRSS-CIVIL,广州市人社局公务员考录,A,广州市,公务员/选调生,中共广州市委办公厅公开选调公务员笔试公告,https://rsj.gz.gov.cn/ywzt/rszdgg/gwykl/content/post_10847050.html,2026-06-09,公务员,准考证/笔试,2026-08-09T21:01:14+08:00,2026-08-22T09:47:35+08:00,否,待打开原文及附件核验
ea363f0251542baf,GZ-HRSS-CIVIL,广州市人社局公务员考录,A,广州市,公务员/选调生,中共广州市委办公厅2026年公开选调公务员公告,https://rsj.gz.gov.cn/ywzt/rszdgg/gwykl/content/post_10805615.html,2026-06-09,公务员,首发/其他,2026-08-09T21:01:14+08:00,2026-08-22T09:47:35+08:00,否,待打开原文及附件核验
e714166bf5e8f64e,GZ-NANSHA,南沙区招聘信息,B,广州市南沙区,综合招聘,广东省2026年考试录用公务员广州市南沙区职位拟录用人员公示（第四批）,http://www.gzns.gov.cn/zwgk/zdlyxxgk/jycy/zpxx/content/post_10846680.html,2026-06-08,公务员,录聘公示,2026-08-09T21:01:14+08:00,2026-08-22T09:47:35+08:00,否,待打开原文及附件核验
a3b68effd1d0c50c,GZ-NANSHA,南沙区招聘信息,B,广州市南沙区,综合招聘,广东省2026年考试录用公务员广州市南沙区职位拟录用人员公示（第三批）,http://www.gzns.gov.cn/zwgk/zdlyxxgk/jycy/zpxx/content/post_10832789.html,2026-06-08,公务员,录聘公示,2026-08-09T21:01:14+08:00,2026-08-22T09:47:35+08:00,否,待打开原文及附件核验
0ac1f16aecaeab11,GZ-NANSHA,南沙区招聘信息,B,广州市南沙区,综合招聘,2026年广州市南沙区事业单位第一批公开招聘高校毕业生拟聘人员公示（第一批）,http://www.gzns.gov.cn/zwgk/zdlyxxgk/jycy/zpxx/content/post_10845390.html,2026-06-08,事业编,录聘公示,2026-08-09T21:01:14+08:00,2026-08-22T09:47:35+08:00,否,待打开原文及附件核验
654190c5b6f5a2ca,GZ-NANSHA,南沙区招聘信息,B,广州市南沙区,综合招聘,2026年广东省事业单位（南沙考区）集中公开招聘拟聘人员公示（第一批）,http://www.gzns.gov.cn/zwgk/zdlyxxgk/jycy/zpxx/content/post_10845380.html,2026-06-08,事业编,录聘公示,2026-08-09T21:01:14+08:00,2026-08-22T09:47:35+08:00,否,待打开原文及附件核验
71c55bb3d70f54fe,GD-CITY-ZHUHAI,珠海市人社局公职招考,B,珠海市,公务员/事业单位/编外,珠海市投资服务署关于2026年集中公开招聘高校毕业生拟聘用人... 2026-06-01,https://zhrsj.zhuhai.gov.cn/zw/tzgg/gzzk/content/post_3911031.html,2026-06-05,待核实,录聘公示,2026-08-09T21:01:14+08:00,2026-08-22T09:47:35+08:00,否,待打开原文及附件核验
c35767ba92ed4553,GZ-SASAC-NOTICES,广州市国资委通知公告,B,广州市,国企/事业单位,广州市国资委直属事业单位2026年引进急需人才公告,https://gzw.gz.gov.cn/xw/tzgg/content/post_10798154.html,2026-06-05,事业编,首发/其他,2026-08-09T21:01:14+08:00,2026-08-22T09:47:35+08:00,否,待打开原文及附件核验
e7d2e2037d40733e,GD-RSKS,广东人事考试网,A,广东省,考试服务,广东省纪委监委2026年公开选调干部面试资格复审等事项公告,https://rsks.gd.gov.cn/zwgk/gzdt/content/post_4906962.html,2026-06-05,待核实,面试,2026-08-09T21:01:14+08:00,2026-08-22T09:47:35+08:00,否,待打开原文及附件核验
ea1583ff71ecf9e5,GD-CITY-SHANWEI,汕尾市人社局事业单位招聘,B,汕尾市,事业单位,2026年汕尾市公开招聘干部储备人才公告,http://www.shanwei.gov.cn/swrsj/ztzl/rsks/sydwzp/content/post_1252871.html,2026-06-05,待核实,首发/其他,2026-08-09T21:01:14+08:00,2026-08-22T09:47:35+08:00,否,待打开原文及附件核验
3e8ca685c46c5487,GZ-PANYU,番禺区招考信息,B,广州市番禺区,综合招聘,关于广东省事业单位2026年集中公开招聘高校毕业生广州市番禺区事业单位面试及后续招聘事宜的公告,http://www.panyu.gov.cn/zwgk/rsgk/zkxx/content/post_10823514.html,2026-06-04,事业编,面试,2026-08-09T21:01:14+08:00,2026-08-22T09:47:35+08:00,否,待打开原文及附件核验
806080e052456cb7,GZ-ZENGCHENG,增城区事业单位招聘,B,广州市增城区,事业单位,关于2026年广州市事业单位统一公开招聘人才广州市增城区体检相关事项的公告,https://www.zc.gov.cn/gk/rsgz/dwzp/ http:/www.zc.gov.cn/gk/rsgz/dwzp/content/post_10838723.html,2026-06-04,事业编,体检考察,2026-08-09T21:01:14+08:00,2026-08-09T21:01:14+08:00,否,待打开原文及附件核验
d4d895116855c1ee,GZ-YUEXIU,越秀区公开招考招聘公告,B,广州市越秀区,综合招聘,越秀区梅花村街道办事处面向社会公开招聘辅助人员公告 2026-06-01,http://www.yuexiu.gov.cn/zwgk/rsxx/gkzkzp/zpgg/content/post_10836261.html,2026-06-03,编外,首发/其他,2026-08-09T21:01:14+08:00,2026-08-22T09:47:35+08:00,否,待打开原文及附件核验
4d7f3d95fa7de21e,GZ-HRSS-INST-NOTICES,广州市事业单位招聘公告专栏,A,广州市,事业单位,广州铁路职业技术学院2026年第三批公开招聘工作人员公告,https://www.gtxy.cn/zzrsc/rczp/zpgg/content_27015,2026-06-03,待核实,首发/其他,2026-08-09T21:01:14+08:00,2026-08-22T09:47:35+08:00,否,待打开原文及附件核验
cb3b2626e152d7cc,GZ-ZENGCHENG,增城区事业单位招聘,B,广州市增城区,事业单位,关于广东省事业单位2026年集中公开招聘高校毕业生广州市增城区体检相关事项的公告,https://www.zc.gov.cn/gk/rsgz/dwzp/ http:/www.zc.gov.cn/gk/rsgz/dwzp/content/post_10838715.html,2026-06-02,事业编,体检考察,2026-08-09T21:01:14+08:00,2026-08-09T21:01:14+08:00,否,待打开原文及附件核验
a7e710ce538490b1,GZ-ZENGCHENG,增城区事业单位招聘,B,广州市增城区,事业单位,关于2026年广州市增城区仙村镇人民政府公开招聘聘员体能测试结果的公告,https://www.zc.gov.cn/gk/rsgz/dwzp/ http:/www.zc.gov.cn/gk/rsgz/dwzp/content/post_10837822.html,2026-06-02,待核实,首发/其他,2026-08-09T21:01:14+08:00,2026-08-09T21:01:14+08:00,否,待打开原文及附件核验
d6a4e8897c688351,GZ-ZENGCHENG,增城区事业单位招聘,B,广州市增城区,事业单位,2026年广州市增城区卫生健康局下属事业单位公开招聘工作人员笔试成绩复查结果及资格复审公告,https://www.zc.gov.cn/gk/rsgz/dwzp/ http:/www.zc.gov.cn/gk/rsgz/dwzp/content/post_10834465.html,2026-06-02,事业编,资格复审,2026-08-09T21:01:14+08:00,2026-08-09T21:01:14+08:00,否,待打开原文及附件核验
ef0ecbd8d60bcff6,GD-CITY-ZHUHAI,珠海市人社局公职招考,B,珠海市,公务员/事业单位/编外,珠海市纪委监委2025年下半年公开招聘所属事业单位工作人员拟... 2026-05-19,https://zhrsj.zhuhai.gov.cn/zw/tzgg/gzzk/content/post_3907358.html,2026-06-01,事业编,首发/其他,2026-08-09T21:01:14+08:00,2026-08-22T09:47:35+08:00,否,待打开原文及附件核验
c149bbf3d9306675,GZ-YUEXIU,越秀区公开招考招聘公告,B,广州市越秀区,综合招聘,广州市越秀区农林街道办事处关于公开招聘辅助人员的公告 2026-06-01,http://www.yuexiu.gov.cn/zwgk/rsxx/gkzkzp/zpgg/content/post_10835460.html,2026-06-01,编外,首发/其他,2026-08-09T21:01:14+08:00,2026-08-22T09:47:35+08:00,否,待打开原文及附件核验
eba5d97b8d6af3e8,GD-CITY-JIANGMEN,江门市人社局事业单位公开招聘,B,江门市,公务员/事业单位/编外,江门市直部分事业单位2026年集中公开招聘高校毕业生面试成绩和综合成绩合格分数线及入围体检人员名单公告,http://www.jiangmen.gov.cn/bmpd/jmsrlzyhshbzj/sylm/rsks/syks/content/post_3495349.html,2026-05-29,事业编,体检考察,2026-08-09T21:01:14+08:00,2026-08-22T09:47:35+08:00,否,待打开原文及附件核验
b2ecba7a94722fae,GZ-ZENGCHENG,增城区事业单位招聘,B,广州市增城区,事业单位,广州市增城区2024—2025年度公开招聘社区专职工作人员拟录用人员公示（第七批）,https://www.zc.gov.cn/gk/rsgz/dwzp/ http:/www.zc.gov.cn/gk/rsgz/dwzp/content/post_10829836.html,2026-05-29,编外,录聘公示,2026-08-09T21:01:14+08:00,2026-08-09T21:01:14+08:00,否,待打开原文及附件核验
e4566d2dfffc5b16,GZ-HRSS-INST-NOTICES,广州市事业单位招聘公告专栏,A,广州市,事业单位,广州市人力资源和社会保障局系统事业单位2026年第一次公开招聘事业编制人员公告,https://rsj.gz.gov.cn/ywzt/rszdgg/sydwgkzp/sydwzpgg/content/post_10825866.html,2026-05-29,事业编,首发/其他,2026-08-09T21:01:14+08:00,2026-08-22T09:47:35+08:00,否,待打开原文及附件核验
5e97d828571826ce,GD-RSKS,广东人事考试网,A,广东省,考试服务,广东省纪委监委2026年公开选调干部笔试考生身份核验报到温馨提示,https://rsks.gd.gov.cn/zwgk/gzdt/content/post_4903691.html,2026-05-29,待核实,首发/其他,2026-08-09T21:01:14+08:00,2026-08-22T09:47:35+08:00,否,待打开原文及附件核验
66bb88c04b271bb4,GZ-NANSHA,南沙区招聘信息,B,广州市南沙区,综合招聘,2025年广东省事业单位（南沙考区）集中公开招聘拟聘人员公示（第三批）,http://www.gzns.gov.cn/zwgk/zdlyxxgk/jycy/zpxx/content/post_10827052.html,2026-05-29,事业编,录聘公示,2026-08-09T21:01:14+08:00,2026-08-20T09:48:36+08:00,否,待打开原文及附件核验
d475d04abb417bb8,GD-CITY-FOSHAN,佛山市人社局机关事业单位招录,B,佛山市,公务员/事业单位/编外,佛山市第二人民医院2026年公开招聘高层次人才（第二批）公告,https://hrss.foshan.gov.cn/zwgk/jgsydwzl/content/post_7162893.html,2026-05-27,待核实,首发/其他,2026-08-09T21:01:14+08:00,2026-08-09T21:01:14+08:00,否,待打开原文及附件核验
7b9d827c464df61f,GZ-ZENGCHENG,增城区事业单位招聘,B,广州市增城区,事业单位,2026年广州市增城区卫生健康局下属事业单位公开招聘工作人员笔试成绩公布,https://www.zc.gov.cn/gk/rsgz/dwzp/ http:/www.zc.gov.cn/gk/rsgz/dwzp/content/post_10825409.html,2026-05-27,事业编,成绩,2026-08-09T21:01:14+08:00,2026-08-09T21:01:14+08:00,否,待打开原文及附件核验
2c5dae76829cd921,GD-RSKS,广东人事考试网,A,广东省,考试服务,关于广东省纪委监委2026年公开选调干部笔试时间安排及有关事项的公告,https://rsks.gd.gov.cn/zwgk/gzdt/content/post_4900873.html,2026-05-26,待核实,首发/其他,2026-08-09T21:01:14+08:00,2026-08-22T09:47:35+08:00,否,待打开原文及附件核验
61e32753968c1b2d,GD-CITY-FOSHAN,佛山市人社局机关事业单位招录,B,佛山市,公务员/事业单位/编外,佛山市华英学校2026年上半年公开招聘教师公告,https://hrss.foshan.gov.cn/zwgk/jgsydwzl/content/post_7160490.html,2026-05-26,待核实,首发/其他,2026-08-09T21:01:14+08:00,2026-08-09T21:01:14+08:00,否,待打开原文及附件核验
de642f01a85fd3c0,GZ-ZENGCHENG,增城区事业单位招聘,B,广州市增城区,事业单位,广东省事业单位2026年集中公开招聘高校毕业生广州市增城区面试公告,https://www.zc.gov.cn/gk/rsgz/dwzp/ http:/www.zc.gov.cn/gk/rsgz/dwzp/content/post_10827246.html,2026-05-25,事业编,面试,2026-08-09T21:01:14+08:00,2026-08-09T21:01:14+08:00,否,待打开原文及附件核验
903636b649be490f,GZ-NANSHA,南沙区招聘信息,B,广州市南沙区,综合招聘,广东省2026年选调生广州市南沙区职位拟录用人员公示（第一批）,http://www.gzns.gov.cn/zwgk/zdlyxxgk/jycy/zpxx/content/post_10805985.html,2026-05-25,选调生,录聘公示,2026-08-09T21:01:14+08:00,2026-08-18T18:43:31+08:00,否,待打开原文及附件核验
168f652721320a6f,GZ-ZENGCHENG,增城区事业单位招聘,B,广州市增城区,事业单位,关于2026年广州市增城区仙村镇人民政府公开招聘聘员领取准考证的公告,https://www.zc.gov.cn/gk/rsgz/dwzp/ http:/www.zc.gov.cn/gk/rsgz/dwzp/content/post_10826875.html,2026-05-25,待核实,准考证/笔试,2026-08-09T21:01:14+08:00,2026-08-09T21:01:14+08:00,否,待打开原文及附件核验
de7a7bcf7e70e224,GZ-ZENGCHENG,增城区事业单位招聘,B,广州市增城区,事业单位,2026年广州市增城区仙村镇人民政府公开招聘聘员公告,https://www.zc.gov.cn/gk/rsgz/dwzp/ http:/www.zc.gov.cn/gk/rsgz/dwzp/content/post_10804627.html,2026-05-25,待核实,首发/其他,2026-08-09T21:01:14+08:00,2026-08-09T21:01:14+08:00,否,待打开原文及附件核验
490cd71925b57fce,GZ-ZENGCHENG,增城区事业单位招聘,B,广州市增城区,事业单位,2026年广州市事业单位统一公开招聘人才广州市增城区面试公告,https://www.zc.gov.cn/gk/rsgz/dwzp/ http:/www.zc.gov.cn/gk/rsgz/dwzp/content/post_10827243.html,2026-05-25,事业编,面试,2026-08-09T21:01:14+08:00,2026-08-09T21:01:14+08:00,否,待打开原文及附件核验
1ef12e30b1e8b5b1,GZ-NANSHA,南沙区招聘信息,B,广州市南沙区,综合招聘,2025年广州市南沙区事业单位校园招聘拟聘人员公示（第二批）,http://www.gzns.gov.cn/zwgk/zdlyxxgk/jycy/zpxx/content/post_10827057.html,2026-05-25,事业编,录聘公示,2026-08-09T21:01:14+08:00,2026-08-19T09:50:31+08:00,否,待打开原文及附件核验
45aa94a3e376d930,GD-CITY-JIANGMEN,江门市人社局事业单位公开招聘,B,江门市,公务员/事业单位/编外,江门市人力资源和社会保障局属下事业单位2026年集中公开招聘高校毕业生入围体检人员名单公告,http://www.jiangmen.gov.cn/bmpd/jmsrlzyhshbzj/sylm/rsks/syks/content/post_3493179.html,2026-05-22,事业编,体检考察,2026-08-09T21:01:14+08:00,2026-08-22T09:47:35+08:00,否,待打开原文及附件核验
beb8d811c0a8d790,GZ-PANYU,番禺区招考信息,B,广州市番禺区,综合招聘,广东省2026年度选调优秀大学毕业生广州市番禺区职位拟录用人员公示（第二批）,http://www.panyu.gov.cn/zwgk/rsgk/zkxx/content/post_10818106.html,2026-05-22,选调生,录聘公示,2026-08-09T21:01:14+08:00,2026-08-22T09:47:35+08:00,否,待打开原文及附件核验
717f00c0ec932231,GD-CITY-FOSHAN,佛山市人社局机关事业单位招录,B,佛山市,公务员/事业单位/编外,佛山市中心业余体育学校2026年上半年公开招聘教师公告,https://hrss.foshan.gov.cn/zwgk/jgsydwzl/content/post_7156895.html,2026-05-21,待核实,首发/其他,2026-08-09T21:01:14+08:00,2026-08-09T21:01:14+08:00,否,待打开原文及附件核验
c979729e6935cab0,GZ-YUEXIU,越秀区公开招考招聘公告,B,广州市越秀区,综合招聘,中共广州市越秀区纪委关于2026年公开招聘合同制工作人员笔试成绩及进入面试人员名单的公告 2026-05-13,http://www.yuexiu.gov.cn/zwgk/rsxx/gkzkzp/zpgg/content/post_10810366.html,2026-05-20,编外,面试,2026-08-09T21:01:14+08:00,2026-08-22T09:47:35+08:00,否,待打开原文及附件核验
4def483656ff1ba0,GD-CITY-ZHUHAI,珠海市人社局公职招考,B,珠海市,公务员/事业单位/编外,珠海市人力资源和社会保障局2026年考试录用公务员拟录用人员... 2026-05-14,https://zhrsj.zhuhai.gov.cn/zw/tzgg/gzzk/content/post_3906102.html,2026-05-19,公务员,录聘公示,2026-08-09T21:01:14+08:00,2026-08-22T09:47:35+08:00,否,待打开原文及附件核验
4771492050f9b6ad,GZ-EDU-HR,广州市教育局人事工作,B,广州市,事业编/教师,广州市教育局直属事业单位广州卫生职业技术学院2025年第一次公开招聘教职员第三批拟聘人员公示,https://jyj.gz.gov.cn/gk/zfxxgkml/qt/gs/rsgz/content/post_10699388.html,2026-05-19,事业编,录聘公示,2026-08-09T21:01:14+08:00,2026-08-22T09:47:35+08:00,否,待打开原文及附件核验
d48cf7f2c8fcc378,GD-CITY-JIANGMEN,江门市人社局事业单位公开招聘,B,江门市,公务员/事业单位/编外,广东省事业单位2026年集中公开招聘高校毕业生江门市直面试温馨提示,http://www.jiangmen.gov.cn/bmpd/jmsrlzyhshbzj/sylm/rsks/syks/content/post_3492095.html,2026-05-19,事业编,面试,2026-08-09T21:01:14+08:00,2026-08-22T09:47:35+08:00,否,待打开原文及附件核验
5577f03bd644d200,GZ-PANYU,番禺区招考信息,B,广州市番禺区,综合招聘,广东省事业单位2025年集中公开招聘高校毕业生广州市番禺区事业单位拟聘用人员名单公示（第三批）,http://www.panyu.gov.cn/zwgk/rsgk/zkxx/content/post_10816095.html,2026-05-19,事业编,录聘公示,2026-08-09T21:01:14+08:00,2026-08-22T09:47:35+08:00,否,待打开原文及附件核验
93cf06229e3f9349,GZ-PANYU,番禺区招考信息,B,广州市番禺区,综合招聘,广东省2026年考试录用公务员广州市番禺区职位拟录用人员公示（第二批）,http://www.panyu.gov.cn/zwgk/rsgk/zkxx/content/post_10818101.html,2026-05-19,公务员,录聘公示,2026-08-09T21:01:14+08:00,2026-08-22T09:47:35+08:00,否,待打开原文及附件核验
00e5c19a2c46355e,GD-CITY-JIANGMEN,江门市人社局事业单位公开招聘,B,江门市,公务员/事业单位/编外,江门市人力资源和社会保障局属下事业单位2026年集中公开招聘高校毕业生面试公告,http://www.jiangmen.gov.cn/bmpd/jmsrlzyhshbzj/sylm/rsks/syks/content/post_3488514.html,2026-05-18,事业编,面试,2026-08-09T21:01:14+08:00,2026-08-22T09:47:35+08:00,否,待打开原文及附件核验
81b78847803e2586,GZ-PANYU,番禺区招考信息,B,广州市番禺区,综合招聘,广东省2026年度选调优秀大学毕业生广州市番禺区职位拟录用人员公示（第一批）,http://www.panyu.gov.cn/zwgk/rsgk/zkxx/content/post_10810747.html,2026-05-18,选调生,录聘公示,2026-08-09T21:01:14+08:00,2026-08-11T10:24:08+08:00,否,待打开原文及附件核验
c1839b497b680190,GZ-CONGHUA,从化区企事业公开招聘,B,广州市从化区,综合招聘,【区人社局】广州市从化区卫生健康局所属事业单位2025年公开招聘事业编制工作人员第七批1名...,http://www.conghua.gov.cn/zwfw/ztfw/hycyqsygkzp/content/post_10809400.html,2026-05-18,事业编,首发/其他,2026-08-09T21:01:14+08:00,2026-08-22T09:47:35+08:00,否,待打开原文及附件核验
6bf6bec48e340fe5,GZ-CONGHUA,从化区企事业公开招聘,B,广州市从化区,综合招聘,【区人社局】广州市事业单位2026年统一公开招聘人才从化区岗位进入体检人员名单和综合成绩公...,http://www.conghua.gov.cn/zwfw/ztfw/hycyqsygkzp/content/post_10816613.html,2026-05-18,事业编,体检考察,2026-08-09T21:01:14+08:00,2026-08-22T09:47:35+08:00,否,待打开原文及附件核验
334fb7fad2561ed7,GD-CITY-FOSHAN,佛山市人社局机关事业单位招录,B,佛山市,公务员/事业单位/编外,佛山市财政投资评审中心公开招聘专业技术雇员公告,https://hrss.foshan.gov.cn/zwgk/jgsydwzl/content/post_7153592.html,2026-05-15,编外,首发/其他,2026-08-09T21:01:14+08:00,2026-08-09T21:01:14+08:00,否,待打开原文及附件核验
9d1e6897553f6d5c,GD-CITY-FOSHAN,佛山市人社局机关事业单位招录,B,佛山市,公务员/事业单位/编外,佛山市第一中学2026年公开招聘教师（第二轮）公告,https://hrss.foshan.gov.cn/zwgk/jgsydwzl/content/post_7156877.html,2026-05-15,待核实,首发/其他,2026-08-09T21:01:14+08:00,2026-08-09T21:01:14+08:00,否,待打开原文及附件核验
b9faa2d3b36a1ac8,GD-CITY-ZHUHAI,珠海市人社局公职招考,B,珠海市,公务员/事业单位/编外,珠海市北京师范大学香山中学2026年春季面向社会公开招聘事业... 2026-05-07,https://zhrsj.zhuhai.gov.cn/zw/tzgg/gzzk/content/post_3902769.html,2026-05-14,待核实,首发/其他,2026-08-09T21:01:14+08:00,2026-08-22T09:47:35+08:00,否,待打开原文及附件核验
97c5208fa4c4fffe,GZ-YUEXIU,越秀区公开招考招聘公告,B,广州市越秀区,综合招聘,越秀区梅花村街道办事处面向社会公开招聘辅助人员公告 2026-05-12,http://www.yuexiu.gov.cn/zwgk/rsxx/gkzkzp/zpgg/content/post_10809076.html,2026-05-13,编外,首发/其他,2026-08-09T21:01:14+08:00,2026-08-22T09:47:35+08:00,否,待打开原文及附件核验
35b8c4f52c4abef9,GZ-YUEXIU,越秀区公开招考招聘公告,B,广州市越秀区,综合招聘,广州市越秀区教育局2026年上半年公开招聘事业编制教师现场资格审查公告 2026-04-27,http://www.yuexiu.gov.cn/zwgk/rsxx/gkzkzp/zpgg/content/post_10789071.html,2026-05-12,事业编,资格复审,2026-08-09T21:01:14+08:00,2026-08-22T09:47:35+08:00,否,待打开原文及附件核验
020200d9eb8e53f9,GD-CITY-SHANWEI,汕尾市人社局事业单位招聘,B,汕尾市,事业单位,【百万英才汇南粤】中山大学孙逸仙纪念医院深汕中心医院公开招聘事业单位工作人员（2026年骨干人才第三批）公告,http://www.shanwei.gov.cn/swrsj/ztzl/rsks/sydwzp/content/post_1247277.html,2026-05-12,事业编,首发/其他,2026-08-09T21:01:14+08:00,2026-08-22T09:47:35+08:00,否,待打开原文及附件核验
7a0e10ad36550c7c,GD-CITY-SHANWEI,汕尾市人社局事业单位招聘,B,汕尾市,事业单位,【百万英才汇南粤】中山大学孙逸仙纪念医院深汕中心医院公开招聘事业单位工作人员（2026年医教研第三批）公告,http://www.shanwei.gov.cn/swrsj/ztzl/rsks/sydwzp/content/post_1247279.html,2026-05-12,事业编,首发/其他,2026-08-09T21:01:14+08:00,2026-08-22T09:47:35+08:00,否,待打开原文及附件核验
bf5439792598a550,GZ-CONGHUA,从化区企事业公开招聘,B,广州市从化区,综合招聘,【区人社局】广州市事业单位2026年统一公开招聘人才从化区岗位招聘面试公告,http://www.conghua.gov.cn/zwfw/ztfw/hycyqsygkzp/content/post_10807968.html,2026-05-12,事业编,面试,2026-08-09T21:01:14+08:00,2026-08-22T09:47:35+08:00,否,待打开原文及附件核验
df97d162c74d6ae8,GZ-CONGHUA,从化区企事业公开招聘,B,广州市从化区,综合招聘,【区人社局】广东省事业单位2026年集中公开招聘高校毕业生广州市从化区岗位招聘面试公告,http://www.conghua.gov.cn/zwfw/ztfw/hycyqsygkzp/content/post_10807985.html,2026-05-12,事业编,面试,2026-08-09T21:01:14+08:00,2026-08-22T09:47:35+08:00,否,待打开原文及附件核验
65d143b3c1aebf26,GZ-CONGHUA,从化区企事业公开招聘,B,广州市从化区,综合招聘,【区人社局】关于广州市从化区教育局2026年第三次公开招聘事业编制教师（华中师范大学考点）...,http://www.conghua.gov.cn/zwfw/ztfw/hycyqsygkzp/content/post_10781835.html,2026-05-12,事业编,首发/其他,2026-08-09T21:01:14+08:00,2026-08-22T09:47:35+08:00,否,待打开原文及附件核验
5e054b3dae9913e8,GZ-YUEXIU,越秀区公开招考招聘公告,B,广州市越秀区,综合招聘,2026年广州市越秀区事业单位集中公开招聘高校毕业生进入面试人员名单及面试安排的公告 2026-05-12,http://www.yuexiu.gov.cn/zwgk/rsxx/gkzkzp/zpgg/content/post_10806547.html,2026-05-12,事业编,面试,2026-08-09T21:01:14+08:00,2026-08-22T09:47:35+08:00,否,待打开原文及附件核验
9b037fb94a64f96b,GZ-NANSHA,南沙区招聘信息,B,广州市南沙区,综合招聘,广东省2026年考试录用公务员广州市南沙区职位拟录用人员公示（第二批）,http://www.gzns.gov.cn/zwgk/zdlyxxgk/jycy/zpxx/content/post_10805992.html,2026-05-11,公务员,录聘公示,2026-08-09T21:01:14+08:00,2026-08-10T10:30:49+08:00,否,待打开原文及附件核验
7f0cc4a08e197b5c,GZ-HRSS-CIVIL,广州市人社局公务员考录,A,广州市,公务员/选调生,广东省2026年度选调优秀大学毕业生和考试录用公务员广州考区面试及广州职位体检公告,https://rsj.gz.gov.cn/ywzt/rszdgg/gwykl/content/post_10705200.html,2026-05-11,选调生,体检考察,2026-08-09T21:01:14+08:00,2026-08-22T09:47:35+08:00,否,待打开原文及附件核验
ac560ee54f455da3,GD-CITY-JIANGMEN,江门市人社局事业单位公开招聘,B,江门市,公务员/事业单位/编外,广东江门中医药职业学院2026年公开招聘高层次人才公告,http://www.jiangmen.gov.cn/bmpd/jmsrlzyhshbzj/sylm/rsks/syks/content/post_3484781.html,2026-05-11,待核实,首发/其他,2026-08-09T21:01:14+08:00,2026-08-22T09:47:35+08:00,否,待打开原文及附件核验
fa1a7cc87ea69320,GD-CITY-FOSHAN,佛山市人社局机关事业单位招录,B,佛山市,公务员/事业单位/编外,关于广东省事业单位2026年集中公开招聘高校毕业生佛山考区笔试合格分数线的公告,https://hrss.foshan.gov.cn/zwgk/jgsydwzl/content/post_7132064.html,2026-05-11,事业编,成绩,2026-08-09T21:01:14+08:00,2026-08-09T21:01:14+08:00,否,待打开原文及附件核验
e4b15510dd3951f7,GD-RSKS,广东人事考试网,A,广东省,考试服务,广东省纪委监委2026年公开选调干部公告,https://rsks.gd.gov.cn/zwgk/gzdt/content/post_4893424.html,2026-05-08,待核实,首发/其他,2026-08-09T21:01:14+08:00,2026-08-22T09:47:35+08:00,否,待打开原文及附件核验
9353a6e4a12ee442,GD-CITY-ZHUHAI,珠海市人社局公职招考,B,珠海市,公务员/事业单位/编外,珠海市市直事业单位2026年集中公开招聘高校毕业生面试成绩、... 2026-04-25,https://zhrsj.zhuhai.gov.cn/zw/tzgg/gzzk/content/post_3899946.html,2026-05-07,事业编,面试,2026-08-09T21:01:14+08:00,2026-08-22T09:47:35+08:00,否,待打开原文及附件核验
01c337d5aa376034,GD-CITY-JIANGMEN,江门市人社局事业单位公开招聘,B,江门市,公务员/事业单位/编外,江门市检察机关2026年度公开招聘劳动合同制司法辅助人员公告,http://www.jiangmen.gov.cn/bmpd/jmsrlzyhshbzj/sylm/rsks/syks/content/post_3481163.html,2026-04-30,编外,首发/其他,2026-08-09T21:01:14+08:00,2026-08-22T09:47:35+08:00,否,待打开原文及附件核验
acc1a69880d40fc8,GD-CITY-SHANWEI,汕尾市人社局事业单位招聘,B,汕尾市,事业单位,广东省事业单位2026年集中公开招聘高校毕业生（汕尾市市直招聘岗位）考试综合成绩公告,http://www.shanwei.gov.cn/swrsj/ztzl/rsks/sydwzp/content/post_1243808.html,2026-04-27,事业编,成绩,2026-08-09T21:01:14+08:00,2026-08-22T09:47:35+08:00,否,待打开原文及附件核验
79b5c9e0172f2f69,GD-CITY-ZHUHAI,珠海市人社局公职招考,B,珠海市,公务员/事业单位/编外,珠海市市直事业单位2026年集中公开招聘高校毕业生面试公告 2026-04-20,https://zhrsj.zhuhai.gov.cn/zw/tzgg/gzzk/content/post_3898335.html,2026-04-25,事业编,面试,2026-08-09T21:01:14+08:00,2026-08-22T09:47:35+08:00,否,待打开原文及附件核验
26c5a2c3c6287f12,GD-CITY-JIANGMEN,江门市人社局事业单位公开招聘,B,江门市,公务员/事业单位/编外,关于广东省事业单位2026年集中公开招聘高校毕业生江门市直笔试合格分数线的公告,http://www.jiangmen.gov.cn/bmpd/jmsrlzyhshbzj/sylm/rsks/syks/content/post_3473188.html,2026-04-23,事业编,成绩,2026-08-09T21:01:14+08:00,2026-08-22T09:47:35+08:00,否,待打开原文及附件核验
3f4911085f1255ea,GD-CITY-SHANWEI,汕尾市人社局事业单位招聘,B,汕尾市,事业单位,汕尾市人民医院公开招聘事业单位工作人员（2026年临床医师第二批）公告,http://www.shanwei.gov.cn/swrsj/ztzl/rsks/sydwzp/content/post_1242624.html,2026-04-22,事业编,首发/其他,2026-08-09T21:01:14+08:00,2026-08-22T09:47:35+08:00,否,待打开原文及附件核验
e6294e219f25a86e,GD-CITY-SHANWEI,汕尾市人社局事业单位招聘,B,汕尾市,事业单位,【百万英才汇南粤】中山大学孙逸仙纪念医院深汕中心医院公开招聘事业单位工作人员（2026年行政后勤第一批）公告,http://www.shanwei.gov.cn/swrsj/ztzl/rsks/sydwzp/content/post_1242300.html,2026-04-21,事业编,首发/其他,2026-08-09T21:01:14+08:00,2026-08-22T09:47:35+08:00,否,待打开原文及附件核验
53a02e5b9beaeede,GD-CITY-SHANWEI,汕尾市人社局事业单位招聘,B,汕尾市,事业单位,【百万英才汇南粤】中山大学孙逸仙纪念医院深汕中心医院公开招聘事业单位工作人员（2026年护技药第一批）公告,http://www.shanwei.gov.cn/swrsj/ztzl/rsks/sydwzp/content/post_1242294.html,2026-04-21,事业编,首发/其他,2026-08-09T21:01:14+08:00,2026-08-22T09:47:35+08:00,否,待打开原文及附件核验
2244c0110c63bbd6,GD-CITY-ZHUHAI,珠海市人社局公职招考,B,珠海市,公务员/事业单位/编外,珠海市纪委监委2025年下半年公开招聘所属事业单位工作人员拟... 2026-04-20,https://zhrsj.zhuhai.gov.cn/zw/tzgg/gzzk/content/post_3898321.html,2026-04-20,事业编,首发/其他,2026-08-09T21:01:14+08:00,2026-08-22T09:47:35+08:00,否,待打开原文及附件核验
cfd909d58a6e3849,GD-CITY-SHANWEI,汕尾市人社局事业单位招聘,B,汕尾市,事业单位,广东省事业单位2026年集中公开招聘高校毕业生（汕尾市市直招聘岗位）面试公告,http://www.shanwei.gov.cn/swrsj/ztzl/rsks/sydwzp/content/post_1241904.html,2026-04-20,事业编,面试,2026-08-09T21:01:14+08:00,2026-08-22T09:47:35+08:00,否,待打开原文及附件核验
93854fc1917acab3,GD-CITY-ZHUHAI,珠海市人社局公职招考,B,珠海市,公务员/事业单位/编外,关于广东省事业单位2026年集中公开招聘高校毕业生珠海市笔试... 2026-04-08,https://zhrsj.zhuhai.gov.cn/zw/tzgg/gzzk/content/post_3894731.html,2026-04-20,事业编,首发/其他,2026-08-09T21:01:14+08:00,2026-08-22T09:47:35+08:00,否,待打开原文及附件核验
a64b3944f33ce864,GZ-YUEXIU,越秀区公开招考招聘公告,B,广州市越秀区,综合招聘,广东省事业单位2026年集中公开招聘高校毕业生越秀区区属事业单位笔试合格分数线的公告 2026-04-15,http://www.yuexiu.gov.cn/zwgk/rsxx/gkzkzp/zpgg/content/post_10770502.html,2026-04-17,事业编,成绩,2026-08-09T21:01:14+08:00,2026-08-22T09:47:35+08:00,否,待打开原文及附件核验
81ac5a497b4482c8,GZ-YUEXIU,越秀区公开招考招聘公告,B,广州市越秀区,综合招聘,“百万英才汇南粤”——广州市越秀区教育局2026年上半年公开招聘事业编制教师公告 2026-04-02,http://www.yuexiu.gov.cn/zwgk/rsxx/gkzkzp/zpgg/content/post_10753518.html,2026-04-15,事业编,首发/其他,2026-08-09T21:01:14+08:00,2026-08-22T09:47:35+08:00,否,待打开原文及附件核验
3fd31315a5311ed8,GD-CITY-SHANWEI,汕尾市人社局事业单位招聘,B,汕尾市,事业单位,广东省事业单位2026年集中公开招聘高校毕业生汕尾市市直招聘岗位笔试合格分数线划定及面试资格审核公告,http://www.shanwei.gov.cn/swrsj/ztzl/rsks/sydwzp/content/post_1239748.html,2026-04-13,事业编,面试,2026-08-09T21:01:14+08:00,2026-08-22T09:47:35+08:00,否,待打开原文及附件核验
2a3f0bd0e348ce87,GD-CITY-JIANGMEN,江门市人社局事业单位公开招聘,B,江门市,公务员/事业单位/编外,广东省事业单位2026年集中公开招聘高校毕业生笔试江门考区温馨提示,http://www.jiangmen.gov.cn/bmpd/jmsrlzyhshbzj/sylm/rsks/syks/content/post_3456459.html,2026-04-10,事业编,首发/其他,2026-08-09T21:01:14+08:00,2026-08-22T09:47:35+08:00,否,待打开原文及附件核验
1c088070f63e7176,GD-CITY-ZHUHAI,珠海市人社局公职招考,B,珠海市,公务员/事业单位/编外,珠海市纪委监委2025年下半年公开招聘所属事业单位工作人员拟... 2026-03-23,https://zhrsj.zhuhai.gov.cn/zw/tzgg/gzzk/content/post_3889099.html,2026-04-08,事业编,首发/其他,2026-08-09T21:01:14+08:00,2026-08-22T09:47:35+08:00,否,待打开原文及附件核验
c898050e3b9b71b6,GD-HRSS-INST,广东省人社厅事业单位招聘公告,A,广东省,事业单位,广东省事业单位2026年集中公开招聘高校毕业生笔试成绩公告,https://hrss.gd.gov.cn/zwgk/sydwzp/zpgg/content/post_4876938.html,2026-04-07,事业编,成绩,2026-08-09T21:01:14+08:00,2026-08-22T09:47:35+08:00,否,待打开原文及附件核验
c08ff9b72c504cd5,GD-HRSS-INST,广东省人社厅事业单位招聘公告,A,广东省,事业单位,关于广东省事业单位2026年集中公开招聘高校毕业生省直及中央驻粤单位笔试合格分数线的公告,https://hrss.gd.gov.cn/zwgk/sydwzp/zpgg/content/post_4878994.html,2026-04-07,事业编,成绩,2026-08-09T21:01:14+08:00,2026-08-22T09:47:35+08:00,否,待打开原文及附件核验
ecce2fa90b21a3c6,GD-HRSS-INST,广东省人社厅事业单位招聘公告,A,广东省,事业单位,广东省事业单位2026年集中公开招聘高校毕业生公告,https://hrss.gd.gov.cn/zwgk/sydwzp/zpgg/content/post_4848983.html,2026-03-31,事业编,首发/其他,2026-08-09T21:01:14+08:00,2026-08-22T09:47:35+08:00,否,待打开原文及附件核验
62a76f644cf21f7d,GD-CITY-ZHUHAI,珠海市人社局公职招考,B,珠海市,公务员/事业单位/编外,珠海高新区2026年公开招聘区投资促进中心事业编制人员公告 2026-02-02,https://zhrsj.zhuhai.gov.cn/zw/tzgg/gzzk/content/post_3876698.html,2026-03-23,事业编,首发/其他,2026-08-09T21:01:14+08:00,2026-08-22T09:47:35+08:00,否,待打开原文及附件核验
002d75f794abd36e,GD-ORG-NOTICES,广东组织工作网通知公告,A,广东省,综合,中共广东省委党校（广东行政学院）2026年度公开招聘教研人员公告,https://www.gdzz.gov.cn/tzgg/content/post_24725.html,2026-03-16,待核实,首发/其他,2026-08-09T21:01:14+08:00,2026-08-22T09:47:35+08:00,否,待打开原文及附件核验
b626cd7281357b86,GD-CITY-JIANGMEN,江门市人社局事业单位公开招聘,B,江门市,公务员/事业单位/编外,江门市2026年度选调优秀大学毕业生及考试录用公务员面试温馨提示,http://www.jiangmen.gov.cn/bmpd/jmsrlzyhshbzj/sylm/rsks/syks/content/post_3450405.html,2026-03-13,选调生,面试,2026-08-09T21:01:14+08:00,2026-08-22T09:47:35+08:00,否,待打开原文及附件核验
2aba1e99442a5885,GD-RSKS,广东人事考试网,A,广东省,考试服务,广东省事业单位2026年集中公开招聘高校毕业生笔试身份核验报到温馨提示,https://rsks.gd.gov.cn/zwgk/gzdt/content/post_4866132.html,2026-03-12,事业编,首发/其他,2026-08-09T21:01:14+08:00,2026-08-22T09:47:35+08:00,否,待打开原文及附件核验
f24b58f4e41725a8,GD-RSKS,广东人事考试网,A,广东省,考试服务,广东省事业单位2026年集中公开招聘...,https://rsks.gd.gov.cn/wsbs/qtks/2026/sydwjzzp/content/post_4866131.html,2026-03-12,事业编,首发/其他,2026-08-09T21:01:14+08:00,2026-08-22T09:47:35+08:00,否,待打开原文及附件核验
672005a5ef00ac3b,GD-CITY-FOSHAN,佛山市人社局机关事业单位招录,B,佛山市,公务员/事业单位/编外,佛山市第一人民医院2026年事业单位高层次人才公开招聘公告,https://hrss.foshan.gov.cn/zwgk/jgsydwzl/content/post_7105488.html,2026-03-11,事业编,首发/其他,2026-08-09T21:01:14+08:00,2026-08-09T21:01:14+08:00,否,待打开原文及附件核验
cdf2ddda5f84f946,GZ-YUEXIU,越秀区公开招考招聘公告,B,广州市越秀区,综合招聘,越秀区登峰街道办事处公开招聘辅助人员公告 2026-02-28,http://www.yuexiu.gov.cn/zwgk/rsxx/gkzkzp/zpgg/content/post_10702391.html,2026-03-05,编外,首发/其他,2026-08-09T21:01:14+08:00,2026-08-22T09:47:35+08:00,否,待打开原文及附件核验
1569968b1f5beb4e,GD-CITY-JIANGMEN,江门市人社局事业单位公开招聘,B,江门市,公务员/事业单位/编外,五邑大学2026年上半年公开招聘辅导员公告,http://www.jiangmen.gov.cn/bmpd/jmsrlzyhshbzj/sylm/rsks/syks/content/post_3445179.html,2026-03-03,待核实,首发/其他,2026-08-09T21:01:14+08:00,2026-08-22T09:47:35+08:00,否,待打开原文及附件核验
6f56de285dd183dd,GD-RSKS,广东人事考试网,A,广东省,考试服务,广东省省直机关及其直属机构2026年度选调优秀大学毕业生面试公告,https://www.gdzz.gov.cn/tzgg/content/post_24717.html,2026-02-28,选调生,面试,2026-08-09T21:01:14+08:00,2026-08-22T09:47:35+08:00,否,待打开原文及附件核验
a07cea61670bd975,GD-ORG-CIVIL,广东组织工作网公务员录用,A,广东省,公务员/选调生,广东省省直机关及其直属机构2026年度选调优秀大学毕业生面试公告,https://www.gdzz.gov.cn/gwygz/lypytzgg/content/post_24718.html,2026-02-28,选调生,面试,2026-08-09T21:01:14+08:00,2026-08-22T09:47:35+08:00,否,待打开原文及附件核验
c591a85c313567ec,GD-ORG-NOTICES,广东组织工作网通知公告,A,广东省,综合,广东省事业单位2026年集中公开招聘高校毕业生公告,https://www.gdzz.gov.cn/tzgg/content/post_24572.html,2026-02-28,事业编,首发/其他,2026-08-09T21:01:14+08:00,2026-08-22T09:47:35+08:00,否,待打开原文及附件核验
691ad2d21a661029,GD-ORG-CIVIL,广东组织工作网公务员录用,A,广东省,公务员/选调生,广东省2026年度选调优秀大学毕业生资格审核和面试等事项公告,https://www.gdzz.gov.cn/gwygz/lypytzgg/content/post_24540.html,2026-02-28,选调生,面试,2026-08-09T21:01:14+08:00,2026-08-22T09:47:35+08:00,否,待打开原文及附件核验
43c33dd5d5ff9c12,GZ-HRSS-CIVIL,广州市人社局公务员考录,A,广州市,公务员/选调生,广东省2026年度选调优秀大学毕业生广州市职位资格审核和体能测评等有关事项公告,https://rsj.gz.gov.cn/ywzt/rszdgg/gwykl/content/post_10656851.html,2026-02-28,选调生,资格复审,2026-08-09T21:01:14+08:00,2026-08-22T09:47:35+08:00,否,待打开原文及附件核验
23a25ba0af0f1928,GZ-EDU-HR,广州市教育局人事工作,B,广州市,事业编/教师,广州市教育局直属事业单位2025年第一次公开招聘教师第七批拟聘用人员公示,https://jyj.gz.gov.cn/gk/zfxxgkml/qt/gs/rsgz/content/post_10635518.html,2026-02-26,事业编,录聘公示,2026-08-09T21:01:14+08:00,2026-08-22T09:47:35+08:00,否,待打开原文及附件核验
16db04b8dfcfebee,GD-CITY-JIANGMEN,江门市人社局事业单位公开招聘,B,江门市,公务员/事业单位/编外,关于公布2026年广东省事业单位集中公开招聘高校毕业生江门考区招聘单位联系方式的公告,http://www.jiangmen.gov.cn/bmpd/jmsrlzyhshbzj/sylm/rsks/syks/content/post_3434862.html,2026-02-14,事业编,首发/其他,2026-08-09T21:01:14+08:00,2026-08-22T09:47:35+08:00,否,待打开原文及附件核验
d3da402ca9a0fee0,GD-RSKS,广东人事考试网,A,广东省,考试服务,关于广东省事业单位2026年集中公开招聘高校毕业生笔试时间安排及有关事项的公告,https://hrss.gd.gov.cn/zwgk/sydwzp/zpgg/content/post_4856733.html,2026-02-12,事业编,首发/其他,2026-08-09T21:01:14+08:00,2026-08-17T18:46:22+08:00,否,待打开原文及附件核验
0048c371e462575c,GD-CITY-SHANWEI,汕尾市人社局事业单位招聘,B,汕尾市,事业单位,【百万英才汇南粤】中山大学孙逸仙纪念医院深汕中心医院公开招聘事业单位工作人员（2026年骨干人才第二批）公告,http://www.shanwei.gov.cn/swrsj/ztzl/rsks/sydwzp/content/post_1225015.html,2026-02-11,事业编,首发/其他,2026-08-09T21:01:14+08:00,2026-08-22T09:47:35+08:00,否,待打开原文及附件核验
9aca06451181c810,GD-CITY-SHANWEI,汕尾市人社局事业单位招聘,B,汕尾市,事业单位,【百万英才汇南粤】中山大学孙逸仙纪念医院深汕中心医院公开招聘事业单位工作人员（2026年临床医生第二批）公告,http://www.shanwei.gov.cn/swrsj/ztzl/rsks/sydwzp/content/post_1225007.html,2026-02-11,事业编,首发/其他,2026-08-09T21:01:14+08:00,2026-08-22T09:47:35+08:00,否,待打开原文及附件核验
7bc801a61405befc,GD-CITY-ZHUHAI,珠海市人社局公职招考,B,珠海市,公务员/事业单位/编外,珠海市卫生健康局面向2026年应届毕业生公开招聘所属公立医院... 2026-01-07,https://zhrsj.zhuhai.gov.cn/zw/tzgg/gzzk/content/post_3868949.html,2026-02-02,待核实,首发/其他,2026-08-09T21:01:14+08:00,2026-08-22T09:47:35+08:00,否,待打开原文及附件核验
5a3d919db07aaf36,GD-CITY-JIANGMEN,江门市人社局事业单位公开招聘,B,江门市,公务员/事业单位/编外,江门市人民医院2025年公开招聘高层次人才公告,http://www.jiangmen.gov.cn/bmpd/jmsrlzyhshbzj/sylm/rsks/syks/content/post_3411288.html,2026-01-28,待核实,首发/其他,2026-08-09T21:01:14+08:00,2026-08-22T09:47:35+08:00,否,待打开原文及附件核验
72c48fac1a685a44,GD-ORG-INST,广东组织工作网事业单位人事管理,A,广东省,事业单位,广东省事业单位2026年集中公开招聘高校毕业生公告,https://www.gdzz.gov.cn/gbgz/sydwrsgl/content/post_24573.html,2026-01-27,事业编,首发/其他,2026-08-09T21:01:14+08:00,2026-08-22T09:47:35+08:00,否,待打开原文及附件核验
4b0109fb8328e772,GD-RSKS,广东人事考试网,A,广东省,考试服务,广东省事业单位2026年集中公开招聘...,https://hrss.gd.gov.cn/zwgk/sydwzp/zpgg/content/post_4848983.html,2026-01-27,事业编,首发/其他,2026-08-09T21:01:14+08:00,2026-08-22T09:47:35+08:00,否,待打开原文及附件核验
5e115b661452c025,GD-ORG-INST,广东组织工作网事业单位人事管理,A,广东省,事业单位,广东省事业单位2023年集中公开招聘高校毕业生公告,https://www.gdzz.gov.cn/gbgz/sydwrsgl/content/post_18179.html,2026-01-27,事业编,首发/其他,2026-08-09T21:01:14+08:00,2026-08-22T09:47:35+08:00,否,待打开原文及附件核验
c1d9a3a5746b76f5,GD-ORG-NOTICES,广东组织工作网通知公告,A,广东省,综合,广东省2026年度选调优秀大学毕业生资格审核和面试等事项公告,https://www.gdzz.gov.cn/tzgg/content/post_24538.html,2026-01-27,选调生,面试,2026-08-09T21:01:14+08:00,2026-08-22T09:47:35+08:00,否,待打开原文及附件核验
2393209be0eeea00,GD-ORG-NOTICES,广东组织工作网通知公告,A,广东省,综合,广东省2026年考试录用公务员资格审核和面试等事项公告,https://www.gdzz.gov.cn/tzgg/content/post_24510.html,2026-01-21,公务员,面试,2026-08-09T21:01:14+08:00,2026-08-22T09:47:35+08:00,否,待打开原文及附件核验
7d5a08cae59d35b2,GD-ORG-CIVIL,广东组织工作网公务员录用,A,广东省,公务员/选调生,广东省2026年考试录用公务员资格审核和面试等事项公告,https://www.gdzz.gov.cn/gwygz/lypytzgg/content/post_24511.html,2026-01-21,公务员,面试,2026-08-09T21:01:14+08:00,2026-08-22T09:47:35+08:00,否,待打开原文及附件核验
a1919946163cd73b,GZ-HRSS-CIVIL,广州市人社局公务员考录,A,广州市,公务员/选调生,广东省2026年考试录用公务员广州市职位资格审核和体能测评等有关事项公告,https://rsj.gz.gov.cn/ywzt/rszdgg/gwykl/content/post_10648204.html,2026-01-21,公务员,资格复审,2026-08-09T21:01:14+08:00,2026-08-22T09:47:35+08:00,否,待打开原文及附件核验
f34dd97a88d6231f,GD-RSKS,广东人事考试网,A,广东省,考试服务,广东省2026年度选调优秀大学毕业生...,https://www.gdzz.gov.cn/tzgg/content/post_24538.html,2026-01-21,选调生,首发/其他,2026-08-09T21:01:14+08:00,2026-08-22T09:47:35+08:00,否,待打开原文及附件核验
bb5b59aeb9b68863,GD-CITY-SHANWEI,汕尾市人社局事业单位招聘,B,汕尾市,事业单位,【百万英才汇南粤】汕尾市人民医院公开招聘事业单位工作人员（2026年临床医师第一批）公告,http://www.shanwei.gov.cn/swrsj/ztzl/rsks/sydwzp/content/post_1218462.html,2026-01-19,事业编,首发/其他,2026-08-09T21:01:14+08:00,2026-08-22T09:47:35+08:00,否,待打开原文及附件核验
b3685a7caf0ffc22,GD-RSKS,广东人事考试网,A,广东省,考试服务,广东省2026年考试录用公务员资格审...,https://www.gdzz.gov.cn/tzgg/content/post_24510.html,2026-01-15,公务员,首发/其他,2026-08-09T21:01:14+08:00,2026-08-22T09:47:35+08:00,否,待打开原文及附件核验
e67ab7a3a8612115,GZ-HRSS-CIVIL,广州市人社局公务员考录,A,广州市,公务员/选调生,广东省2026年考试录用公务员公告,https://www.gdzz.gov.cn/tzgg/content/post_24016.html,2026-01-15,公务员,首发/其他,2026-08-09T21:01:14+08:00,2026-08-22T09:47:35+08:00,否,待打开原文及附件核验
8ca42194c16766e8,GD-ORG-CIVIL,广东组织工作网公务员录用,A,广东省,公务员/选调生,广东省2026年度选调优秀大学毕业生公告,https://www.gdzz.gov.cn/gwygz/lypytzgg/content/post_24298.html,2026-01-15,选调生,首发/其他,2026-08-09T21:01:14+08:00,2026-08-22T09:47:35+08:00,否,待打开原文及附件核验
7731e4eb6d6336bc,GZ-EDU-HR,广州市教育局人事工作,B,广州市,事业编/教师,广州市教育局直属事业单位2025年第一次公开招聘教师第六批拟聘用人员公示,https://jyj.gz.gov.cn/gk/zfxxgkml/qt/gs/rsgz/content/post_10589709.html,2026-01-09,事业编,录聘公示,2026-08-09T21:01:14+08:00,2026-08-22T09:47:35+08:00,否,待打开原文及附件核验
56902e72fafe9ef5,GD-CITY-SHANWEI,汕尾市人社局事业单位招聘,B,汕尾市,事业单位,【百万英才汇南粤】2026年汕尾市市直学校公开招聘教师公告,http://www.shanwei.gov.cn/swrsj/ztzl/rsks/sydwzp/content/post_1216338.html,2026-01-09,待核实,首发/其他,2026-08-09T21:01:14+08:00,2026-08-22T09:47:35+08:00,否,待打开原文及附件核验
21ac16fa463fdd49,GD-CITY-ZHUHAI,珠海市人社局公职招考,B,珠海市,公务员/事业单位/编外,珠海市农业农村局2025年公开招聘所属事业单位工作人员拟录用... 2026-01-04,https://zhrsj.zhuhai.gov.cn/zw/tzgg/gzzk/content/post_3867710.html,2026-01-07,事业编,录聘公示,2026-08-09T21:01:14+08:00,2026-08-11T19:02:44+08:00,否,待打开原文及附件核验
5bfa23681644288c,GD-RSKS,广东人事考试网,A,广东省,考试服务,广东省2026年度选调优秀大学毕业生...,https://rsks.gd.gov.cn/wsbs/gwyks/2025/2026xds/content/post_4835045.html,2025-12-26,选调生,首发/其他,2026-08-09T21:01:14+08:00,2026-08-22T09:47:35+08:00,否,待打开原文及附件核验
79110671d524bb3f,GZ-SASAC-NOTICES,广州市国资委通知公告,B,广州市,国企/事业单位,广州市国资委2025年公开选调公务员拟选调人选公示,https://gzw.gz.gov.cn/xw/tzgg/content/post_10560857.html,2025-12-19,公务员,录聘公示,2026-08-09T21:01:14+08:00,2026-08-22T09:47:35+08:00,否,待打开原文及附件核验
608e5ea56c3b1248,GD-CITY-JIANGMEN,江门市人社局事业单位公开招聘,B,江门市,公务员/事业单位/编外,江门职业训练指导中心2025年集中公开招聘高校毕业生拟聘人员公示,http://www.jiangmen.gov.cn/bmpd/jmsrlzyhshbzj/sylm/rsks/syks/content/post_3410107.html,2025-12-16,待核实,录聘公示,2026-08-09T21:01:14+08:00,2026-08-22T09:47:35+08:00,否,待打开原文及附件核验
40387d5185de3716,GD-CITY-JIANGMEN,江门市人社局事业单位公开招聘,B,江门市,公务员/事业单位/编外,广东省2026年考试录用公务员江门考区笔试温馨提示,http://www.jiangmen.gov.cn/bmpd/jmsrlzyhshbzj/sylm/rsks/syks/content/post_3405175.html,2025-12-15,公务员,首发/其他,2026-08-09T21:01:14+08:00,2026-08-22T09:47:35+08:00,否,待打开原文及附件核验
0924a9557bfd7180,GZ-EDU-HR,广州市教育局人事工作,B,广州市,事业编/教师,广州市教育局直属事业单位广州市艺术中学2025年第一次公开招聘教师第二批拟聘用人员公示,https://jyj.gz.gov.cn/gk/zfxxgkml/qt/gs/rsgz/content/post_10589695.html,2025-12-11,事业编,录聘公示,2026-08-09T21:01:14+08:00,2026-08-22T09:47:35+08:00,否,待打开原文及附件核验
ab40b4dce3c2b443,GZ-EDU-HR,广州市教育局人事工作,B,广州市,事业编/教师,广州市教育局直属事业单位广州市第六中学2025年第一次公开招聘教师第二批拟聘用人员公示,https://jyj.gz.gov.cn/gk/zfxxgkml/qt/gs/rsgz/content/post_10589703.html,2025-12-11,事业编,录聘公示,2026-08-09T21:01:14+08:00,2026-08-22T09:47:35+08:00,否,待打开原文及附件核验
7dd1fc1245a15da0,GZ-EDU-HR,广州市教育局人事工作,B,广州市,事业编/教师,广州市教育局直属事业单位广州卫生职业技术学院2025年第一次公开招聘教职员第二批拟聘人员公示,https://jyj.gz.gov.cn/gk/zfxxgkml/qt/gs/rsgz/content/post_10589687.html,2025-12-11,事业编,录聘公示,2026-08-09T21:01:14+08:00,2026-08-22T09:47:35+08:00,否,待打开原文及附件核验
4528f4fa84e6e435,GZ-EDU-HR,广州市教育局人事工作,B,广州市,事业编/教师,广州市教育局直属事业单位参加广东省事业单位2025年集中公开招聘高层次和急需紧缺人才第二批拟聘人员公示,https://jyj.gz.gov.cn/gk/zfxxgkml/qt/gs/rsgz/content/post_10572141.html,2025-12-11,事业编,录聘公示,2026-08-09T21:01:14+08:00,2026-08-11T10:24:08+08:00,否,待打开原文及附件核验
83a72673c1deae72,GD-RSKS,广东人事考试网,A,广东省,考试服务,广东省2026年考试录用公务员笔试考...,https://rsks.gd.gov.cn/wsbs/gwyks/2025/2026gdsk/content/post_4808450.html,2025-12-04,公务员,首发/其他,2026-08-09T21:01:14+08:00,2026-08-22T09:47:35+08:00,否,待打开原文及附件核验
ce5763a02d012603,GD-SELECT-SYSTEM,广东省选调优秀大学毕业生系统公告,A,广东省,选调生,广东省2026年度选调优秀大学毕业生公告,https://www.gdzz.gov.cn/tzgg/content/post_24297.html,2025-12-03,选调生,首发/其他,2026-08-09T21:01:14+08:00,2026-08-22T09:47:35+08:00,否,待打开原文及附件核验
17e7f995300c76b2,GD-ORG-CIVIL,广东组织工作网公务员录用,A,广东省,公务员/选调生,广东省2026年考试录用公务员公告,https://www.gdzz.gov.cn/gwygz/lypytzgg/content/post_24017.html,2025-12-01,公务员,首发/其他,2026-08-09T21:01:14+08:00,2026-08-22T09:47:35+08:00,否,待打开原文及附件核验
d9ba4abd4db72432,GD-RSKS,广东人事考试网,A,广东省,考试服务,广东省2026年度选调优秀大学毕业生...,https://www.gdzz.gov.cn/tzgg/content/post_24297.html,2025-12-01,选调生,首发/其他,2026-08-09T21:01:14+08:00,2026-08-22T09:47:35+08:00,否,待打开原文及附件核验
a4eebf29253c30a2,GZ-SASAC-NOTICES,广州市国资委通知公告,B,广州市,国企/事业单位,广州市国资委2025年公开选调公务员入围体检人员名单公告,https://gzw.gz.gov.cn/xw/tzgg/content/post_10506560.html,2025-11-21,公务员,体检考察,2026-08-09T21:01:14+08:00,2026-08-22T09:47:35+08:00,否,待打开原文及附件核验
8bbab9e61fc40d27,GZ-HRSS-INST-APPLY,广州市事业单位招聘网上报名,A,广州市,事业单位报名,（报名时间：2024年12月9日8:30至2024年12月13日18:00止）广州市文化广电旅游局直属事业单位2024年引进急需、紧缺专业人才网上报名系统,https://gzrsj.rsj.gz.gov.cn/vsgzhr/login_home.aspx,2025-11-14,事业编,报名,2026-08-09T21:01:14+08:00,2026-08-22T09:47:35+08:00,否,待打开原文及附件核验
b06b7b9c8a60cedd,GZ-SASAC-NOTICES,广州市国资委通知公告,B,广州市,国企/事业单位,广州市国资委2025年公开选调公务员笔试成绩、资格复审等有关安排的公告,https://gzw.gz.gov.cn/xw/tzgg/content/post_10470648.html,2025-10-28,公务员,资格复审,2026-08-09T21:01:14+08:00,2026-08-22T09:47:35+08:00,否,待打开原文及附件核验
d5acccbbff70bca5,GZ-HRSS-CIVIL,广州市人社局公务员考录,A,广州市,公务员/选调生,中共广州市委政法委员会2023年公开选调公务员公告,https://rsj.gz.gov.cn/ywzt/rszdgg/gwykl/content/post_9387866.html,2025-10-20,公务员,首发/其他,2026-08-09T21:01:14+08:00,2026-08-22T09:47:35+08:00,否,待打开原文及附件核验
8b6523c71aab64fc,GD-ORG-CIVIL,广东组织工作网公务员录用,A,广东省,公务员/选调生,韶关：聚焦高质量发展招录公务员,https://www.gdzz.gov.cn/gwygz/lypytzgg/content/post_24149.html,2025-10-19,公务员,首发/其他,2026-08-09T21:01:14+08:00,2026-08-22T09:47:35+08:00,否,待打开原文及附件核验
ed6bdb9a7bc6b6aa,GD-ORG-NOTICES,广东组织工作网通知公告,A,广东省,综合,广东党建研究所2025年集中公开招聘高层次和急需紧缺人才入围直接业务考核人员名单公告,https://www.gdzz.gov.cn/tzgg/content/post_23310.html,2025-10-19,待核实,首发/其他,2026-08-09T21:01:14+08:00,2026-08-22T09:47:35+08:00,否,待打开原文及附件核验
0e29f309d912a58d,GZ-SASAC-NOTICES,广州市国资委通知公告,B,广州市,国企/事业单位,广州市国资委2025年公开选调公务员笔试公告,https://gzw.gz.gov.cn/xw/tzgg/content/post_10446321.html,2025-09-30,公务员,准考证/笔试,2026-08-09T21:01:14+08:00,2026-08-22T09:47:35+08:00,否,待打开原文及附件核验
c040337434418518,GZ-SASAC-NOTICES,广州市国资委通知公告,B,广州市,国企/事业单位,广州市国资委2025年公开选调公务员公告,https://gzw.gz.gov.cn/xw/tzgg/content/post_10401745.html,2025-09-15,公务员,首发/其他,2026-08-09T21:01:14+08:00,2026-08-22T09:47:35+08:00,否,待打开原文及附件核验
b4f2048bc02accb6,GD-ORG-CIVIL,广东组织工作网公务员录用,A,广东省,公务员/选调生,广东省2025年考试录用公务员资格审核和面试等事项公告,https://www.gdzz.gov.cn/gwygz/lypytzgg/content/post_22800.html,2025-07-18,公务员,面试,2026-08-09T21:01:14+08:00,2026-08-22T09:47:35+08:00,否,待打开原文及附件核验
f249cad497943c8a,GZ-SASAC-NOTICES,广州市国资委通知公告,B,广州市,国企/事业单位,广州市国资委2025年度选调优秀大学毕业生拟录用人员名单公示,https://gzw.gz.gov.cn/xw/tzgg/content/post_10304745.html,2025-06-30,选调生,录聘公示,2026-08-09T21:01:14+08:00,2026-08-22T09:47:35+08:00,否,待打开原文及附件核验
2eec1220399ff1d1,GD-ORG-NOTICES,广东组织工作网通知公告,A,广东省,综合,广东党建研究所2025年集中公开招聘高校毕业生进入面试人员名单公告,https://www.gdzz.gov.cn/tzgg/content/post_23054.html,2025-06-13,待核实,面试,2026-08-09T21:01:14+08:00,2026-08-22T09:47:35+08:00,否,待打开原文及附件核验
d62aaaa4be6b58fa,GD-ORG-NOTICES,广东组织工作网通知公告,A,广东省,综合,广东省事业单位2025年集中公开招聘高层次和急需紧缺人才公告,https://www.gdzz.gov.cn/tzgg/content/post_23043.html,2025-05-06,事业编,首发/其他,2026-08-09T21:01:14+08:00,2026-08-22T09:47:35+08:00,否,待打开原文及附件核验
5b84db5fd3c77fc4,GD-ORG-NOTICES,广东组织工作网通知公告,A,广东省,综合,广东省2025年考试录用公务员资格审核和面试等事项公告,https://www.gdzz.gov.cn/tzgg/content/post_22778.html,2025-04-30,公务员,面试,2026-08-09T21:01:14+08:00,2026-08-22T09:47:35+08:00,否,待打开原文及附件核验
25e78d6ff68b9d74,GD-ORG-NOTICES,广东组织工作网通知公告,A,广东省,综合,中共广东省委党校（广东行政学院）2025年度公开招聘教研人员公告,https://www.gdzz.gov.cn/tzgg/content/post_22449.html,2025-04-02,待核实,首发/其他,2026-08-09T21:01:14+08:00,2026-08-22T09:47:35+08:00,否,待打开原文及附件核验
63381637675d2203,GD-ORG-NOTICES,广东组织工作网通知公告,A,广东省,综合,广东省省直机关及其直属机构2025年度选调优秀大学毕业生面试公告,https://www.gdzz.gov.cn/tzgg/content/post_22440.html,2025-02-24,选调生,面试,2026-08-09T21:01:14+08:00,2026-08-22T09:47:35+08:00,否,待打开原文及附件核验
c8b462504b0a1e76,GD-ORG-CIVIL,广东组织工作网公务员录用,A,广东省,公务员/选调生,广东省省直机关及其直属机构2025年度选调优秀大学毕业生面试公告,https://www.gdzz.gov.cn/gwygz/lypytzgg/content/post_22441.html,2025-02-24,选调生,面试,2026-08-09T21:01:14+08:00,2026-08-22T09:47:35+08:00,否,待打开原文及附件核验
76a2b097f5ea3e0b,GD-ORG-NOTICES,广东组织工作网通知公告,A,广东省,综合,广东省委组织部所属事业单位广东党建研究所2025年公开招聘高校毕业生公告,https://www.gdzz.gov.cn/tzgg/content/post_22336.html,2025-02-21,事业编,首发/其他,2026-08-09T21:01:14+08:00,2026-08-22T09:47:35+08:00,否,待打开原文及附件核验
0163353e4a914eab,GD-ORG-NOTICES,广东组织工作网通知公告,A,广东省,综合,广东省事业单位2025年集中公开招聘高校毕业生公告,https://www.gdzz.gov.cn/tzgg/content/post_22327.html,2025-01-27,事业编,首发/其他,2026-08-09T21:01:14+08:00,2026-08-22T09:47:35+08:00,否,待打开原文及附件核验
12f7f9bc30485d65,GD-ORG-NOTICES,广东组织工作网通知公告,A,广东省,综合,广东省2025年度选调优秀大学毕业生资格审核和面试等事项公告,https://www.gdzz.gov.cn/tzgg/content/post_22275.html,2025-01-24,选调生,面试,2026-08-09T21:01:14+08:00,2026-08-22T09:47:35+08:00,否,待打开原文及附件核验
4f4703bf156a7ac9,GD-ORG-CIVIL,广东组织工作网公务员录用,A,广东省,公务员/选调生,广东省2025年度选调优秀大学毕业生资格审核和面试等事项公告,https://www.gdzz.gov.cn/gwygz/lypytzgg/content/post_22276.html,2025-01-21,选调生,面试,2026-08-09T21:01:14+08:00,2026-08-22T09:47:35+08:00,否,待打开原文及附件核验
fcd9d31cc39d02cc,GD-ORG-CIVIL,广东组织工作网公务员录用,A,广东省,公务员/选调生,广东省2025年考试录用公务员公告,https://www.gdzz.gov.cn/gwygz/lypytzgg/content/post_22223.html,2025-01-17,公务员,首发/其他,2026-08-09T21:01:14+08:00,2026-08-22T09:47:35+08:00,否,待打开原文及附件核验
2c58ede318ea092d,GD-ORG-CIVIL,广东组织工作网公务员录用,A,广东省,公务员/选调生,广东省2024年考试录用公务员面试公告,https://www.gdzz.gov.cn/gwygz/lypytzgg/content/post_20923.html,2024-10-11,公务员,面试,2026-08-09T21:01:14+08:00,2026-08-22T09:47:35+08:00,否,待打开原文及附件核验
815cfc38274511be,GD-ORG-CIVIL,广东组织工作网公务员录用,A,广东省,公务员/选调生,广东省省直机关及其直属机构2024年度选调优秀大学毕业生面试公告,https://www.gdzz.gov.cn/gwygz/lypytzgg/content/post_20496.html,2024-05-10,选调生,面试,2026-08-09T21:01:14+08:00,2026-08-22T09:47:35+08:00,否,待打开原文及附件核验
aa58e7e393b41373,GD-ORG-CIVIL,广东组织工作网公务员录用,A,广东省,公务员/选调生,广东省2024年考试录用公务员公告,https://www.gdzz.gov.cn/gwygz/lypytzgg/content/post_20350.html,2024-02-22,公务员,首发/其他,2026-08-09T21:01:14+08:00,2026-08-22T09:47:35+08:00,否,待打开原文及附件核验
a0ba03d7f1070f6b,GD-ORG-CIVIL,广东组织工作网公务员录用,A,广东省,公务员/选调生,广东省2024年度选调优秀大学毕业生资格审核和面试等事项公告,https://www.gdzz.gov.cn/gwygz/lypytzgg/content/post_20287.html,2024-01-15,选调生,面试,2026-08-09T21:01:14+08:00,2026-08-22T09:47:35+08:00,否,待打开原文及附件核验
33a3960d2e3c105a,GD-ORG-CIVIL,广东组织工作网公务员录用,A,广东省,公务员/选调生,广东省2024年度选调优秀大学毕业生公告,https://www.gdzz.gov.cn/gwygz/lypytzgg/content/post_19995.html,2024-01-12,选调生,首发/其他,2026-08-09T21:01:14+08:00,2026-08-22T09:47:35+08:00,否,待打开原文及附件核验
3862d25395b266d1,GZ-HRSS-CIVIL,广州市人社局公务员考录,A,广州市,公务员/选调生,广州市2023年度选调优秀大学毕业生面试公告,https://rsj.gz.gov.cn/ywzt/rszdgg/gwykl/content/post_8877707.html,2023-12-15,选调生,面试,2026-08-09T21:01:14+08:00,2026-08-22T09:47:35+08:00,否,待打开原文及附件核验
1536cccdff5894a7,GD-ORG-CIVIL,广东组织工作网公务员录用,A,广东省,公务员/选调生,广东省2023年考试录用公务员资格审核和面试等事项公告,https://www.gdzz.gov.cn/gwygz/lypytzgg/content/post_18182.html,2023-11-21,公务员,面试,2026-08-09T21:01:14+08:00,2026-08-22T09:47:35+08:00,否,待打开原文及附件核验
4e21d8e1d4a3436e,GD-CITY-CHAOZHOU,潮州市人社局通知公告,B,潮州市,公务员/事业单位/编外,广东省事业单位2026年集中公开招聘高校毕业生潮州市教育局属下事业单位拟聘用人员公示（第一批） 2026-08-05,https://www.chaozhou.gov.cn/zwgk/szfgz/srlzy/tzgg/content/post_4000532.html,2023-09-06,事业编,录聘公示,2026-08-09T21:01:14+08:00,2026-08-09T21:01:14+08:00,否,待打开原文及附件核验
30c5ea771e7905ca,GD-ORG-INST,广东组织工作网事业单位人事管理,A,广东省,事业单位,事业单位工作人员考核有了新规定,https://www.gdzz.gov.cn/gbgz/sydwrsgl/content/post_17801.html,2023-03-22,事业编,首发/其他,2026-08-09T21:01:14+08:00,2026-08-22T09:47:35+08:00,否,待打开原文及附件核验
ea46bc9de0d8b01d,GZ-HRSS-CIVIL,广州市人社局公务员考录,A,广州市,公务员/选调生,关于广东省2023年度选调优秀大学毕业生笔试时间安排及有关事项的公告,https://www.gdzz.gov.cn/tzgg/content/mpost_17796.html,2023-03-21,选调生,首发/其他,2026-08-09T21:01:14+08:00,2026-08-22T09:47:35+08:00,否,待打开原文及附件核验
db7cf50d31e50697,GZ-HRSS-CIVIL,广州市人社局公务员考录,A,广州市,公务员/选调生,广东省2023年考试录用公务员公告,https://www.gdzz.gov.cn/tzgg/content/post_17616.html,2023-02-02,公务员,首发/其他,2026-08-09T21:01:14+08:00,2026-08-22T09:47:35+08:00,否,待打开原文及附件核验
6db8177ea1556272,GD-ORG-INST,广东组织工作网事业单位人事管理,A,广东省,事业单位,关于广东省事业单位2022年集中公开招聘高校毕业生省直笔试合格分数线的公告,https://www.gdzz.gov.cn/gbgz/sydwrsgl/content/post_16369.html,2023-02-02,事业编,成绩,2026-08-09T21:01:14+08:00,2026-08-22T09:47:35+08:00,否,待打开原文及附件核验
e7a2c2128814f534,GZ-HRSS-CIVIL,广州市人社局公务员考录,A,广州市,公务员/选调生,关于广东省2023年考试录用公务员笔试时间安排及有关事项的公告,https://www.gdzz.gov.cn/tzgg/content/mpost_17794.html,2023-02-02,公务员,首发/其他,2026-08-09T21:01:14+08:00,2026-08-22T09:47:35+08:00,否,待打开原文及附件核验
084571b32589c24d,GD-ORG-INST,广东组织工作网事业单位人事管理,A,广东省,事业单位,人力资源社会保障部相关负责人就《事业单位工作人员考核规定》答记者问,https://www.gdzz.gov.cn/gbgz/sydwrsgl/content/post_17802.html,2023-02-02,事业编,首发/其他,2026-08-09T21:01:14+08:00,2026-08-22T09:47:35+08:00,否,待打开原文及附件核验
00299188b8368d4e,GZ-HRSS-CIVIL,广州市人社局公务员考录,A,广州市,公务员/选调生,关于广东省2023年度选调优秀大学毕业生延期笔试的公告,https://www.gdzz.gov.cn/tzgg/content/post_17224.html,2023-01-09,选调生,取消暂停/时间变更,2026-08-09T21:01:14+08:00,2026-08-22T09:47:35+08:00,否,待打开原文及附件核验
4533770082680506,GZ-HRSS-CIVIL,广州市人社局公务员考录,A,广州市,公务员/选调生,广东省2023年度选调优秀大学毕业生公告,https://www.gdzz.gov.cn/tzgg/content/mpost_17122.html,2022-11-16,选调生,首发/其他,2026-08-09T21:01:14+08:00,2026-08-22T09:47:35+08:00,否,待打开原文及附件核验
3d951d652c9a1f54,GD-ORG-INST,广东组织工作网事业单位人事管理,A,广东省,事业单位,关于举办广东省事业单位2022年集中公开招聘高校毕业生笔试的公告,https://www.gdzz.gov.cn/gbgz/sydwrsgl/content/post_16100.html,2022-08-05,事业编,首发/其他,2026-08-09T21:01:14+08:00,2026-08-22T09:47:35+08:00,否,待打开原文及附件核验
b3019495ca4dea0a,GD-ORG-INST,广东组织工作网事业单位人事管理,A,广东省,事业单位,关于延期举办广东省事业单位2022年集中公开招聘高校毕业生笔试的公告,https://www.gdzz.gov.cn/gbgz/sydwrsgl/content/post_15244.html,2022-07-06,事业编,取消暂停/时间变更,2026-08-09T21:01:14+08:00,2026-08-22T09:47:35+08:00,否,待打开原文及附件核验
c17b8aec161653b3,GD-ORG-INST,广东组织工作网事业单位人事管理,A,广东省,事业单位,广东省事业单位2022年集中公开招聘高校毕业生公告,https://www.gdzz.gov.cn/gbgz/sydwrsgl/content/post_14947.html,2022-04-13,事业编,首发/其他,2026-08-09T21:01:14+08:00,2026-08-22T09:47:35+08:00,否,待打开原文及附件核验
309a094cc7646816,GD-ORG-INST,广东组织工作网事业单位人事管理,A,广东省,事业单位,关于广东省事业单位2021年集中公开招聘高校应届毕业生省直笔试合格分数线的公告,https://www.gdzz.gov.cn/gbgz/sydwrsgl/content/post_13472.html,2022-03-14,事业编,成绩,2026-08-09T21:01:14+08:00,2026-08-22T09:47:35+08:00,否,待打开原文及附件核验
271fb6b9dcd3a031,GD-ORG-INST,广东组织工作网事业单位人事管理,A,广东省,事业单位,广东省事业单位2021年集中公开招聘高校应届毕业生公告,https://www.gdzz.gov.cn/gbgz/sydwrsgl/content/post_12328.html,2021-07-29,事业编,首发/其他,2026-08-09T21:01:14+08:00,2026-08-22T09:47:35+08:00,否,待打开原文及附件核验
f441259d54c219ba,GD-ORG-INST,广东组织工作网事业单位人事管理,A,广东省,事业单位,广东省事业单位2020年集中公开招聘高校应届毕业生公告,https://www.gdzz.gov.cn/gbgz/sydwrsgl/content/post_11222.html,2021-07-05,事业编,首发/其他,2026-08-09T21:01:14+08:00,2026-08-22T09:47:35+08:00,否,待打开原文及附件核验
f35e66573d593155,GZ-HRSS-INST-APPLY,广州市事业单位招聘网上报名,A,广州市,事业单位报名,（报名时间：2025年11月17日9:00至2025年11月21日17:00止）广州市教育局直属事业单位广州市教育研究院2025年公开招聘教研员网上报名系统,http://sydwzp.rsj.gz.gov.cn:5896/vsgz88wsbm/login,2019-10-18,事业编,报名,2026-08-09T21:01:14+08:00,2026-08-22T09:47:35+08:00,否,待打开原文及附件核验
a7c8662a5c63bb94,GD-TALENT,广东人才网,C,广东省,国企/企事业补充,广州市花都区花东镇2026年公开招聘编外聘用人员公告,https://www.gdrc.com/index.php?m=&c=news&a=news_show&id=826,,编外,首发/其他,2026-08-09T21:01:14+08:00,2026-08-22T09:47:35+08:00,否,待打开原文及附件核验
65fa1b3ea384b6bc,GZ-HRSS-INST-NOTICES,广州市事业单位招聘公告专栏,A,广州市,事业单位,广州医科大学附属医院2026年第三次公开招聘工作人员公告,https://zpxt.gzhmu.edu.cn/gzykdx/recruit/a.epx?action=webView&entityId=HR_RECRUIT_NOTICE&selectedId=767,,待核实,首发/其他,2026-08-09T21:01:14+08:00,2026-08-22T09:47:35+08:00,否,待打开原文及附件核验
c55b2c108763c994,GZ-HRSS-INST-NOTICES,广州市事业单位招聘公告专栏,A,广州市,事业单位,广州医科大学校本部2026年第四次公开招聘工作人员公告,https://zpxt.gzhmu.edu.cn/gzykdx/recruit/a.epx?action=webView&entityId=HR_RECRUIT_NOTICE&selectedId=765,,待核实,首发/其他,2026-08-09T21:01:14+08:00,2026-08-22T09:47:35+08:00,否,待打开原文及附件核验
76cfb5f86be17f61,GZ-HRSS-INST-NOTICES,广州市事业单位招聘公告专栏,A,广州市,事业单位,广州医科大学校本部2026年第五次公开招聘工作人员公告,https://zpxt.gzhmu.edu.cn/gzykdx/recruit/a.epx?action=webView&entityId=HR_RECRUIT_NOTICE&selectedId=768,,待核实,首发/其他,2026-08-09T21:01:14+08:00,2026-08-22T09:47:35+08:00,否,待打开原文及附件核验
d8c1447f92e890e4,GZ-HRSS-INST-NOTICES,广州市事业单位招聘公告专栏,A,广州市,事业单位,广州医科大学校本部2026年第三次公开招聘工作人员公告,https://zpxt.gzhmu.edu.cn/gzykdx/recruit/a.epx?action=webView&entityId=HR_RECRUIT_NOTICE&selectedId=747,,待核实,首发/其他,2026-08-09T21:01:14+08:00,2026-08-22T09:47:35+08:00,否,待打开原文及附件核验
7291b94f33f61221,GD-TALENT,广东人才网,C,广东省,国企/企事业补充,广东茂名幼儿师范专科学校2026年度招聘非事业编制教师公告,https://www.sydwzk.cn/gmys2026,,事业编,首发/其他,2026-08-09T21:01:14+08:00,2026-08-22T09:47:35+08:00,否,待打开原文及附件核验
aca4437e17bb7e41,GD-TALENT,广东人才网,C,广东省,国企/企事业补充,广东省农垦集团财务有限公司2026年度公开招聘拟聘人选公示,https://www.gdrc.com/index.php?m=&c=news&a=news_show&id=827,,国企,录聘公示,2026-08-09T21:01:14+08:00,2026-08-17T18:46:22+08:00,否,待打开原文及附件核验
bf832ad640168eb7,GD-CITY-JIANGMEN,江门市人社局事业单位公开招聘,B,江门市,公务员/事业单位/编外,属下事业单位及机构,http://www.jiangmen.gov.cn/bmpd/jmsrlzyhshbzj/bmgk/sxsydwjjg/index.html,,事业编,首发/其他,2026-08-09T21:01:14+08:00,2026-08-22T09:47:35+08:00,否,待打开原文及附件核验
bc5391a3ce8ecaa2,GZ-YUEXIU,越秀区公开招考招聘公告,B,广州市越秀区,综合招聘,公开招考招聘,http://www.yuexiu.gov.cn/zwgk/rsxx/gkzkzp/,,待核实,首发/其他,2026-08-09T21:01:14+08:00,2026-08-22T09:47:35+08:00,否,待打开原文及附件核验
26bfbdfc435ead05,GZ-ZENGCHENG,增城区事业单位招聘,B,广州市增城区,事业单位,公共企事业单位信息公开专栏,http://www.zc.gov.cn/gk/ggqsydwxxgk/index.html,,事业编,首发/其他,2026-08-09T21:01:14+08:00,2026-08-22T09:47:35+08:00,否,待打开原文及附件核验
655ca91ef6f8e913,GZ-CONGHUA,从化区企事业公开招聘,B,广州市从化区,综合招聘,企事业公开招聘,http://www.conghua.gov.cn/zwfw/ztfw/hycyqsygkzp/,,待核实,首发/其他,2026-08-09T21:01:14+08:00,2026-08-22T09:47:35+08:00,否,待打开原文及附件核验
ccc25fc9011efb02,GZ-HRSS-INST-APPLY,广州市事业单位招聘网上报名,A,广州市,事业单位报名,事业单位招聘网上报名,https://rsj.gz.gov.cn/ywzt/rszdgg/sydwgkzp/sydwzpwsbm/,,事业编,报名,2026-08-09T21:01:14+08:00,2026-08-22T09:47:35+08:00,否,待打开原文及附件核验
2a81828fd8a8bb12,GZ-HRSS-INST-NOTICES,广州市事业单位招聘公告专栏,A,广州市,事业单位,事业单位招聘公告,https://rsj.gz.gov.cn/ywzt/rszdgg/sydwgkzp/sydwzpgg/,,事业编,首发/其他,2026-08-09T21:01:14+08:00,2026-08-22T09:47:35+08:00,否,待打开原文及附件核验
55454bb00db75200,GD-CITY-SHANWEI,汕尾市人社局事业单位招聘,B,汕尾市,事业单位,事业单位招聘,http://www.shanwei.gov.cn/swrsj/ztzl/rsks/sydwzp/,,事业编,首发/其他,2026-08-09T21:01:14+08:00,2026-08-22T09:47:35+08:00,否,待打开原文及附件核验
94554f1d91d5c977,GD-TALENT,广东人才网,C,广东省,国企/企事业补充,事业单位工作者,https://www.gdrc.com/index.php?m=&c=jobs&a=jobs_list&key=%E4%BA%8B%E4%B8%9A%E5%8D%95%E4%BD%8D%E5%B7%A5%E4%BD%9C%E8%80%85,,事业编,首发/其他,2026-08-09T21:01:14+08:00,2026-08-22T09:47:35+08:00,否,待打开原文及附件核验
6fd3707ca5dc3503,NAT-PUBLIC-JOBS,中国公共招聘网事业单位公开招聘,A,全国/广东,事业单位,事业单位公开招聘,http://job.mohrss.gov.cn/cjobs/institution/listInstitution,,事业编,首发/其他,2026-08-09T21:01:14+08:00,2026-08-22T09:47:35+08:00,否,待打开原文及附件核验
6e2780b15b010f35,GD-HRSS-INST,广东省人社厅事业单位招聘公告,A,广东省,事业单位,事业单位公开招聘,https://hrss.gd.gov.cn/zwgk/sydwzp/,,事业编,首发/其他,2026-08-09T21:01:14+08:00,2026-08-22T09:47:35+08:00,否,待打开原文及附件核验
07c414bf55e26732,GZ-HRSS-INST-APPLY,广州市事业单位招聘网上报名,A,广州市,事业单位报名,事业单位公开招聘,https://rsj.gz.gov.cn/ywzt/rszdgg/sydwgkzp/,,事业编,首发/其他,2026-08-09T21:01:14+08:00,2026-08-22T09:47:35+08:00,否,待打开原文及附件核验
2496aec5e67a5cc2,GD-CITY-JIANGMEN,江门市人社局事业单位公开招聘,B,江门市,公务员/事业单位/编外,事业单位公开招聘,http://www.jiangmen.gov.cn/bmpd/jmsrlzyhshbzj/sylm/rsks/syks/,,事业编,首发/其他,2026-08-09T21:01:14+08:00,2026-08-22T09:47:35+08:00,否,待打开原文及附件核验
42875813bfc19a0b,GD-ORG-INST,广东组织工作网事业单位人事管理,A,广东省,事业单位,事业单位人事管理,https://www.gdzz.gov.cn/gbgz/sydwrsgl/index.html,,事业编,首发/其他,2026-08-09T21:01:14+08:00,2026-08-22T09:47:35+08:00,否,待打开原文及附件核验
133bc7f61e5d1617,GD-ORG-INST,广东组织工作网事业单位人事管理,A,广东省,事业单位,事业单位人事管理,https://www.gdzz.gov.cn/gbgz/sydwrsgl,,事业编,首发/其他,2026-08-09T21:01:14+08:00,2026-08-22T09:47:35+08:00,否,待打开原文及附件核验
529eead695082ba8,GD-CITY-SHANTOU,汕头市人社局事业单位招聘信息,B,汕头市,事业单位,事业单位人事管理,https://www.shantou.gov.cn/stsrlzyhshbzj/ztzl/sydwrsgl/,,事业编,首发/其他,2026-08-09T21:01:14+08:00,2026-08-22T09:47:35+08:00,否,待打开原文及附件核验
761ae8f2b01a31e2,GD-CITY-SHAOGUAN,韶关市人社局事业单位人事,B,韶关市,事业单位,事业单位人事管理,https://rsj.sg.gov.cn/ywzt/rsrc/sydw/,,事业编,首发/其他,2026-08-09T21:01:14+08:00,2026-08-17T09:52:59+08:00,否,待打开原文及附件核验
0a6f319d2997438b,GD-CITY-HUIZHOU,惠州市人社局通知公告,B,惠州市,公务员/事业单位/编外,事业单位人事管理,http://rsj.huizhou.gov.cn/ywzt/sydwrsgl/index.html,,事业编,首发/其他,2026-08-09T21:01:14+08:00,2026-08-18T09:48:19+08:00,否,待打开原文及附件核验
15c041aee265a4b1,GD-CITY-DONGGUAN,东莞市人社局公开招聘,B,东莞市,事业单位/编外,东莞市妇联下属事业单位2026年公开招聘拟聘用人员公示（第一批）,http://dgwomen.dg.gov.cn/productDetail?id=15606&n=%E9%80%9A%E7%9F%A5%E5%85%AC%E5%91%8A,,事业编,录聘公示,2026-08-09T21:01:14+08:00,2026-08-09T21:01:14+08:00,否,待打开原文及附件核验
